Date,Player1,Player2,Player3,Player4,Player5,Player6,Player7,Player8,Player9,Player10,Player11,Player12,Player13,Player14,Player15,Player16,Player17,Player18,Player19,Player20,Player21,Player22,Player23,Player24,Player25,Player26,Player27,Player28,Player29,Player30,Player31,Player32,Player33,Player34,Player35,Player36,Player37,Player38,Player39,Player40,Player41,Player42,Player43,Player44,Player45,Player46,Player47,Player48,Player49,Player50,Player51,Player52,Player53,Player54,Player55,Player56,Player57,Player58,Player59,Player60,Player61,Player62,Player63,Player64,Player65,Player66,Player67,Player68,Player69,Player70,Player71,Player72,Player73,Player74,Player75,Player76,Player77,Player78,Player79,Player80,Player81,Player82,Player83,Player84,Player85,Player86,Player87,Player88,Player89,Player90,Player91,Player92,Player93,Player94,Player95,Player96,Player97,Player98,Player99,Player100,Tournament
2023-10-21 13:00,Spam,Stufts,Whizzy,Koozy,,,,,,,,,,,,,,,,,,,,,,,,,,,,,,,,,,,,,,,,,,,,,,,,,,,,,,,,,,,,,,,,,,,,,,,,,,,,,,,,,,,,,,,,,,,,,,,,,Comic Con Baltics 2023
2023-10-21 13:00,Elconn,Evon,DvinJo,nekojim,,,,,,,,,,,,,,,,,,,,,,,,,,,,,,,,,,,,,,,,,,,,,,,,,,,,,,,,,,,,,,,,,,,,,,,,,,,,,,,,,,,,,,,,,,,,,,,,,Comic Con Baltics 2023
2023-10-21 13:00,key,B1ts,JohanClan,kopro,,,,,,,,,,,,,,,,,,,,,,,,,,,,,,,,,,,,,,,,,,,,,,,,,,,,,,,,,,,,,,,,,,,,,,,,,,,,,,,,,,,,,,,,,,,,,,,,,Comic Con Baltics 2023
2023-10-21 13:00,Auris,Ziren,forever,leva,,,,,,,,,,,,,,,,,,,,,,,,,,,,,,,,,,,,,,,,,,,,,,,,,,,,,,,,,,,,,,,,,,,,,,,,,,,,,,,,,,,,,,,,,,,,,,,,,Comic Con Baltics 2023
2023-10-21 14:00,Whizzy,forever,nekojim,kopro,,,,,,,,,,,,,,,,,,,,,,,,,,,,,,,,,,,,,,,,,,,,,,,,,,,,,,,,,,,,,,,,,,,,,,,,,,,,,,,,,,,,,,,,,,,,,,,,,Comic Con Baltics 2023
2023-10-21 14:00,Dvinjo,lev,Koozy,JohanClan,,,,,,,,,,,,,,,,,,,,,,,,,,,,,,,,,,,,,,,,,,,,,,,,,,,,,,,,,,,,,,,,,,,,,,,,,,,,,,,,,,,,,,,,,,,,,,,,,Comic Con Baltics 2023
2023-10-21 15:00,Auris,B1ts,Spam,EvoN,,,,,,,,,,,,,,,,,,,,,,,,,,,,,,,,,,,,,,,,,,,,,,,,,,,,,,,,,,,,,,,,,,,,,,,,,,,,,,,,,,,,,,,,,,,,,,,,,Comic Con Baltics 2023
2023-10-21 15:00,Elconn,key,Ziren,Stufts,,,,,,,,,,,,,,,,,,,,,,,,,,,,,,,,,,,,,,,,,,,,,,,,,,,,,,,,,,,,,,,,,,,,,,,,,,,,,,,,,,,,,,,,,,,,,,,,,Comic Con Baltics 2023
2023-10-21 16:00,Spam,Stufts,forever,leva,,,,,,,,,,,,,,,,,,,,,,,,,,,,,,,,,,,,,,,,,,,,,,,,,,,,,,,,,,,,,,,,,,,,,,,,,,,,,,,,,,,,,,,,,,,,,,,,,Comic Con Baltics 2023
2023-10-21 16:00,Evon,Whizzy,Ziren,Dvinjo,,,,,,,,,,,,,,,,,,,,,,,,,,,,,,,,,,,,,,,,,,,,,,,,,,,,,,,,,,,,,,,,,,,,,,,,,,,,,,,,,,,,,,,,,,,,,,,,,Comic Con Baltics 2023
2023-10-21 17:00,Spam,Stufts,Evon,Whizzy,,,,,,,,,,,,,,,,,,,,,,,,,,,,,,,,,,,,,,,,,,,,,,,,,,,,,,,,,,,,,,,,,,,,,,,,,,,,,,,,,,,,,,,,,,,,,,,,,Comic Con Baltics 2023
2023-10-22 13:00,Elconn,Auris,key,B1ts,,,,,,,,,,,,,,,,,,,,,,,,,,,,,,,,,,,,,,,,,,,,,,,,,,,,,,,,,,,,,,,,,,,,,,,,,,,,,,,,,,,,,,,,,,,,,,,,,Comic Con Baltics 2023
2023-10-22 14:00,Spam,Stufts,B1ts,key,,,,,,,,,,,,,,,,,,,,,,,,,,,,,,,,,,,,,,,,,,,,,,,,,,,,,,,,,,,,,,,,,,,,,,,,,,,,,,,,,,,,,,,,,,,,,,,,,Comic Con Baltics 2023
2023-10-22 15:00,Elconn,Stufts,Spam,Auris,,,,,,,,,,,,,,,,,,,,,,,,,,,,,,,,,,,,,,,,,,,,,,,,,,,,,,,,,,,,,,,,,,,,,,,,,,,,,,,,,,,,,,,,,,,,,,,,,Comic Con Baltics 2023
2023-09-23 13:00,Otaaaq,leFabulousWilli,BLUTIG,IcecrusherX,,,,,,,,,,,,,,,,,,,,,,,,,,,,,,,,,,,,,,,,,,,,,,,,,,,,,,,,,,,,,,,,,,,,,,,,,,,,,,,,,,,,,,,,,,,,,,,,,xpevo 2023
2023-09-23 13:00,IXAWAI,Fegir,adam_isto,LubiAs,,,,,,,,,,,,,,,,,,,,,,,,,,,,,,,,,,,,,,,,,,,,,,,,,,,,,,,,,,,,,,,,,,,,,,,,,,,,,,,,,,,,,,,,,,,,,,,,,xpevo 2023
2023-09-23 13:00,Whizzy,Nalax,Mahe,Leonowitsch,,,,,,,,,,,,,,,,,,,,,,,,,,,,,,,,,,,,,,,,,,,,,,,,,,,,,,,,,,,,,,,,,,,,,,,,,,,,,,,,,,,,,,,,,,,,,,,,,xpevo 2023
2023-09-23 13:00,Rasg,deska,Hand,Rastats,,,,,,,,,,,,,,,,,,,,,,,,,,,,,,,,,,,,,,,,,,,,,,,,,,,,,,,,,,,,,,,,,,,,,,,,,,,,,,,,,,,,,,,,,,,,,,,,,xpevo 2023
2023-09-23 13:00,Spam,Ebotith,DarkLight,Dank,,,,,,,,,,,,,,,,,,,,,,,,,,,,,,,,,,,,,,,,,,,,,,,,,,,,,,,,,,,,,,,,,,,,,,,,,,,,,,,,,,,,,,,,,,,,,,,,,xpevo 2023
2023-09-23 13:00,Ratchet,PASZS,NitroFeint,Rekill,,,,,,,,,,,,,,,,,,,,,,,,,,,,,,,,,,,,,,,,,,,,,,,,,,,,,,,,,,,,,,,,,,,,,,,,,,,,,,,,,,,,,,,,,,,,,,,,,xpevo 2023
2023-09-23 13:00,Elconn,seraf,shuramu,Austrian.Alt,,,,,,,,,,,,,,,,,,,,,,,,,,,,,,,,,,,,,,,,,,,,,,,,,,,,,,,,,,,,,,,,,,,,,,,,,,,,,,,,,,,,,,,,,,,,,,,,,xpevo 2023
2023-09-23 13:00,Letzter,Enibeti,Liffey,Whiskey,,,,,,,,,,,,,,,,,,,,,,,,,,,,,,,,,,,,,,,,,,,,,,,,,,,,,,,,,,,,,,,,,,,,,,,,,,,,,,,,,,,,,,,,,,,,,,,,,xpevo 2023
2023-09-23 13:00,Scrapie,CrisZane,Ikarus,schlumpy,,,,,,,,,,,,,,,,,,,,,,,,,,,,,,,,,,,,,,,,,,,,,,,,,,,,,,,,,,,,,,,,,,,,,,,,,,,,,,,,,,,,,,,,,,,,,,,,,xpevo 2023
2023-09-23 13:00,Hisoris,ParZival,Tra,burntbagels,,,,,,,,,,,,,,,,,,,,,,,,,,,,,,,,,,,,,,,,,,,,,,,,,,,,,,,,,,,,,,,,,,,,,,,,,,,,,,,,,,,,,,,,,,,,,,,,,xpevo 2023
2023-09-23 13:00,Evon,LPNSebi,axperial,WonarioStrike,,,,,,,,,,,,,,,,,,,,,,,,,,,,,,,,,,,,,,,,,,,,,,,,,,,,,,,,,,,,,,,,,,,,,,,,,,,,,,,,,,,,,,,,,,,,,,,,,xpevo 2023
2023-09-23 13:00,Barbos,Kadabu,brain,bestman,,,,,,,,,,,,,,,,,,,,,,,,,,,,,,,,,,,,,,,,,,,,,,,,,,,,,,,,,,,,,,,,,,,,,,,,,,,,,,,,,,,,,,,,,,,,,,,,,xpevo 2023
2023-09-23 13:00,GranaDy,Ender,Chroma,UnknownDude,,,,,,,,,,,,,,,,,,,,,,,,,,,,,,,,,,,,,,,,,,,,,,,,,,,,,,,,,,,,,,,,,,,,,,,,,,,,,,,,,,,,,,,,,,,,,,,,,xpevo 2023
2023-09-23 13:00,Stufts,Fliks,JarCrab,Legion2k,,,,,,,,,,,,,,,,,,,,,,,,,,,,,,,,,,,,,,,,,,,,,,,,,,,,,,,,,,,,,,,,,,,,,,,,,,,,,,,,,,,,,,,,,,,,,,,,,xpevo 2023
2023-09-23 13:00,Sheinimi,Affi,matti,Helldiver_Agent,,,,,,,,,,,,,,,,,,,,,,,,,,,,,,,,,,,,,,,,,,,,,,,,,,,,,,,,,,,,,,,,,,,,,,,,,,,,,,,,,,,,,,,,,,,,,,,,,xpevo 2023
2023-09-23 13:00,Kvikk,Betatoast,GoldenNugg3t,Juvo,,,,,,,,,,,,,,,,,,,,,,,,,,,,,,,,,,,,,,,,,,,,,,,,,,,,,,,,,,,,,,,,,,,,,,,,,,,,,,,,,,,,,,,,,,,,,,,,,xpevo 2023
2023-09-23 13:00,Tween,Nevermind,Yeims,IamPd,,,,,,,,,,,,,,,,,,,,,,,,,,,,,,,,,,,,,,,,,,,,,,,,,,,,,,,,,,,,,,,,,,,,,,,,,,,,,,,,,,,,,,,,,,,,,,,,,xpevo 2023
2023-09-23 13:00,Joooooooooey,Speedself,Denniss,Dark_Kirby,,,,,,,,,,,,,,,,,,,,,,,,,,,,,,,,,,,,,,,,,,,,,,,,,,,,,,,,,,,,,,,,,,,,,,,,,,,,,,,,,,,,,,,,,,,,,,,,,xpevo 2023
2023-09-23 13:00,Kappa,Jan,Marius89,JanVan8ern,,,,,,,,,,,,,,,,,,,,,,,,,,,,,,,,,,,,,,,,,,,,,,,,,,,,,,,,,,,,,,,,,,,,,,,,,,,,,,,,,,,,,,,,,,,,,,,,,xpevo 2023
2023-09-23 13:00,Switch,P3kingente,Null,mutex,,,,,,,,,,,,,,,,,,,,,,,,,,,,,,,,,,,,,,,,,,,,,,,,,,,,,,,,,,,,,,,,,,,,,,,,,,,,,,,,,,,,,,,,,,,,,,,,,xpevo 2023
2023-09-23 13:00,Feed,Laser,Amaterasu,Sven24,,,,,,,,,,,,,,,,,,,,,,,,,,,,,,,,,,,,,,,,,,,,,,,,,,,,,,,,,,,,,,,,,,,,,,,,,,,,,,,,,,,,,,,,,,,,,,,,,xpevo 2023
2023-09-23 13:00,Vanity,Demotivator,Eria,SaPure,,,,,,,,,,,,,,,,,,,,,,,,,,,,,,,,,,,,,,,,,,,,,,,,,,,,,,,,,,,,,,,,,,,,,,,,,,,,,,,,,,,,,,,,,,,,,,,,,xpevo 2023
2023-09-23 13:00,SkandeaR,Nico,KlausiDeluxe,Kojotkb,,,,,,,,,,,,,,,,,,,,,,,,,,,,,,,,,,,,,,,,,,,,,,,,,,,,,,,,,,,,,,,,,,,,,,,,,,,,,,,,,,,,,,,,,,,,,,,,,xpevo 2023
2023-09-23 13:00,Mury,L1ngo,Reghinald,samz,,,,,,,,,,,,,,,,,,,,,,,,,,,,,,,,,,,,,,,,,,,,,,,,,,,,,,,,,,,,,,,,,,,,,,,,,,,,,,,,,,,,,,,,,,,,,,,,,xpevo 2023
2023-09-23 13:00,Ener,Bandon,Spongelikezz,Geko,,,,,,,,,,,,,,,,,,,,,,,,,,,,,,,,,,,,,,,,,,,,,,,,,,,,,,,,,,,,,,,,,,,,,,,,,,,,,,,,,,,,,,,,,,,,,,,,,xpevo 2023
2023-09-23 13:00,Hugo220,Vixxa,Flueffel,BURLYpog,,,,,,,,,,,,,,,,,,,,,,,,,,,,,,,,,,,,,,,,,,,,,,,,,,,,,,,,,,,,,,,,,,,,,,,,,,,,,,,,,,,,,,,,,,,,,,,,,xpevo 2023
2023-09-23 13:00,Yamii,BENOXy,Opale,Dexter,,,,,,,,,,,,,,,,,,,,,,,,,,,,,,,,,,,,,,,,,,,,,,,,,,,,,,,,,,,,,,,,,,,,,,,,,,,,,,,,,,,,,,,,,,,,,,,,,xpevo 2023
2023-09-23 13:00,Az0x,Sympthome,Mana,OwlEye,,,,,,,,,,,,,,,,,,,,,,,,,,,,,,,,,,,,,,,,,,,,,,,,,,,,,,,,,,,,,,,,,,,,,,,,,,,,,,,,,,,,,,,,,,,,,,,,,xpevo 2023
2023-09-23 13:00,Massa,veijone,Mariina,Tarpor,,,,,,,,,,,,,,,,,,,,,,,,,,,,,,,,,,,,,,,,,,,,,,,,,,,,,,,,,,,,,,,,,,,,,,,,,,,,,,,,,,,,,,,,,,,,,,,,,xpevo 2023
2023-09-23 13:00,Piranha,vekisoos,Lars,G4UNightStreick,,,,,,,,,,,,,,,,,,,,,,,,,,,,,,,,,,,,,,,,,,,,,,,,,,,,,,,,,,,,,,,,,,,,,,,,,,,,,,,,,,,,,,,,,,,,,,,,,xpevo 2023
2023-09-23 13:00,Woop,Mime,Auris,Seys,,,,,,,,,,,,,,,,,,,,,,,,,,,,,,,,,,,,,,,,,,,,,,,,,,,,,,,,,,,,,,,,,,,,,,,,,,,,,,,,,,,,,,,,,,,,,,,,,xpevo 2023
2023-09-23 13:00,Ikewolf,ScarPurp,Shoffy,AlexFreaQi,,,,,,,,,,,,,,,,,,,,,,,,,,,,,,,,,,,,,,,,,,,,,,,,,,,,,,,,,,,,,,,,,,,,,,,,,,,,,,,,,,,,,,,,,,,,,,,,,xpevo 2023
2023-09-23 14:00,Otaaaq,Deska,IXAWAI,Nalax,,,,,,,,,,,,,,,,,,,,,,,,,,,,,,,,,,,,,,,,,,,,,,,,,,,,,,,,,,,,,,,,,,,,,,,,,,,,,,,,,,,,,,,,,,,,,,,,,xpevo 2023
2023-09-23 14:00,Whizzy,Rasg,Fegir,leFabulousWilli,,,,,,,,,,,,,,,,,,,,,,,,,,,,,,,,,,,,,,,,,,,,,,,,,,,,,,,,,,,,,,,,,,,,,,,,,,,,,,,,,,,,,,,,,,,,,,,,,xpevo 2023
2023-09-23 14:00,Spam,Ratchet,seraf,Enibeti,,,,,,,,,,,,,,,,,,,,,,,,,,,,,,,,,,,,,,,,,,,,,,,,,,,,,,,,,,,,,,,,,,,,,,,,,,,,,,,,,,,,,,,,,,,,,,,,,xpevo 2023
2023-09-23 14:00,Elconn,Letzter,Ebotith,PASZS,,,,,,,,,,,,,,,,,,,,,,,,,,,,,,,,,,,,,,,,,,,,,,,,,,,,,,,,,,,,,,,,,,,,,,,,,,,,,,,,,,,,,,,,,,,,,,,,,xpevo 2023
2023-09-23 14:00,Scrapie,Hisoris,LNSebi,Kadabu,,,,,,,,,,,,,,,,,,,,,,,,,,,,,,,,,,,,,,,,,,,,,,,,,,,,,,,,,,,,,,,,,,,,,,,,,,,,,,,,,,,,,,,,,,,,,,,,,xpevo 2023
2023-09-23 14:00,Barbos,Evon,ParZival,CrisZane,,,,,,,,,,,,,,,,,,,,,,,,,,,,,,,,,,,,,,,,,,,,,,,,,,,,,,,,,,,,,,,,,,,,,,,,,,,,,,,,,,,,,,,,,,,,,,,,,xpevo 2023
2023-09-23 14:00,GranaDy,Affi,Stufts,Betatoast,,,,,,,,,,,,,,,,,,,,,,,,,,,,,,,,,,,,,,,,,,,,,,,,,,,,,,,,,,,,,,,,,,,,,,,,,,,,,,,,,,,,,,,,,,,,,,,,,xpevo 2023
2023-09-23 14:00,ender,Kvikk,Sheinimi,Fliks,,,,,,,,,,,,,,,,,,,,,,,,,,,,,,,,,,,,,,,,,,,,,,,,,,,,,,,,,,,,,,,,,,,,,,,,,,,,,,,,,,,,,,,,,,,,,,,,,xpevo 2023
2023-09-23 14:00,Switch,Kappa,Nevermind,Speedself,,,,,,,,,,,,,,,,,,,,,,,,,,,,,,,,,,,,,,,,,,,,,,,,,,,,,,,,,,,,,,,,,,,,,,,,,,,,,,,,,,,,,,,,,,,,,,,,,xpevo 2023
2023-09-23 14:00,Feed,L1ngo,Vanity,Nico,,,,,,,,,,,,,,,,,,,,,,,,,,,,,,,,,,,,,,,,,,,,,,,,,,,,,,,,,,,,,,,,,,,,,,,,,,,,,,,,,,,,,,,,,,,,,,,,,xpevo 2023
2023-09-23 14:00,Mury,SkandeaR,Laser,Demotivator,,,,,,,,,,,,,,,,,,,,,,,,,,,,,,,,,,,,,,,,,,,,,,,,,,,,,,,,,,,,,,,,,,,,,,,,,,,,,,,,,,,,,,,,,,,,,,,,,xpevo 2023
2023-09-23 14:00,Hugo220,Ener,Sympthome,BENOXy,,,,,,,,,,,,,,,,,,,,,,,,,,,,,,,,,,,,,,,,,,,,,,,,,,,,,,,,,,,,,,,,,,,,,,,,,,,,,,,,,,,,,,,,,,,,,,,,,xpevo 2023
2023-09-23 14:00,Az0x,Vixxa,Yamii,Bandon,,,,,,,,,,,,,,,,,,,,,,,,,,,,,,,,,,,,,,,,,,,,,,,,,,,,,,,,,,,,,,,,,,,,,,,,,,,,,,,,,,,,,,,,,,,,,,,,,xpevo 2023
2023-09-23 14:00,Massa,Piranha,Mime,ScarPurp,,,,,,,,,,,,,,,,,,,,,,,,,,,,,,,,,,,,,,,,,,,,,,,,,,,,,,,,,,,,,,,,,,,,,,,,,,,,,,,,,,,,,,,,,,,,,,,,,xpevo 2023
2023-09-23 14:00,Ikewolf,vekisoos,Woop,veijone,,,,,,,,,,,,,,,,,,,,,,,,,,,,,,,,,,,,,,,,,,,,,,,,,,,,,,,,,,,,,,,,,,,,,,,,,,,,,,,,,,,,,,,,,,,,,,,,,xpevo 2023
2023-09-23 15:00,IXAWAI,Fegir,PASZS,Enibeti,,,,,,,,,,,,,,,,,,,,,,,,,,,,,,,,,,,,,,,,,,,,,,,,,,,,,,,,,,,,,,,,,,,,,,,,,,,,,,,,,,,,,,,,,,,,,,,,,xpevo 2023
2023-09-23 15:00,seraf,Nalax,leFabulousWilli,Ebotith,,,,,,,,,,,,,,,,,,,,,,,,,,,,,,,,,,,,,,,,,,,,,,,,,,,,,,,,,,,,,,,,,,,,,,,,,,,,,,,,,,,,,,,,,,,,,,,,,xpevo 2023
2023-09-23 15:00,ParZival,Fliks,LPNSebi,Betatoast,,,,,,,,,,,,,,,,,,,,,,,,,,,,,,,,,,,,,,,,,,,,,,,,,,,,,,,,,,,,,,,,,,,,,,,,,,,,,,,,,,,,,,,,,,,,,,,,,xpevo 2023
2023-09-23 15:00,Stufts,Sheinimi,CrisZane,Kadabu,,,,,,,,,,,,,,,,,,,,,,,,,,,,,,,,,,,,,,,,,,,,,,,,,,,,,,,,,,,,,,,,,,,,,,,,,,,,,,,,,,,,,,,,,,,,,,,,,xpevo 2023
2023-09-23 15:00,Nevermind,Nico,Jan,Demotivator,,,,,,,,,,,,,,,,,,,,,,,,,,,,,,,,,,,,,,,,,,,,,,,,,,,,,,,,,,,,,,,,,,,,,,,,,,,,,,,,,,,,,,,,,,,,,,,,,xpevo 2023
2023-09-23 15:00,Laser,Vanity,Speedself,P3kingente,,,,,,,,,,,,,,,,,,,,,,,,,,,,,,,,,,,,,,,,,,,,,,,,,,,,,,,,,,,,,,,,,,,,,,,,,,,,,,,,,,,,,,,,,,,,,,,,,xpevo 2023
2023-09-23 15:00,Sympthome,ScarPurp,Yamii,veijone,,,,,,,,,,,,,,,,,,,,,,,,,,,,,,,,,,,,,,,,,,,,,,,,,,,,,,,,,,,,,,,,,,,,,,,,,,,,,,,,,,,,,,,,,,,,,,,,,xpevo 2023
2023-09-23 15:00,Mime,BENOXy,Woop,Bandon,,,,,,,,,,,,,,,,,,,,,,,,,,,,,,,,,,,,,,,,,,,,,,,,,,,,,,,,,,,,,,,,,,,,,,,,,,,,,,,,,,,,,,,,,,,,,,,,,xpevo 2023
2023-09-23 16:00,Otaaaq,Ratchet,Whizzy,Letzter,,,,,,,,,,,,,,,,,,,,,,,,,,,,,,,,,,,,,,,,,,,,,,,,,,,,,,,,,,,,,,,,,,,,,,,,,,,,,,,,,,,,,,,,,,,,,,,,,xpevo 2023
2023-09-23 16:00,Elconn,Speedself,Rasg,Deska,,,,,,,,,,,,,,,,,,,,,,,,,,,,,,,,,,,,,,,,,,,,,,,,,,,,,,,,,,,,,,,,,,,,,,,,,,,,,,,,,,,,,,,,,,,,,,,,,xpevo 2023
2023-09-23 16:00,Scrapie,Barbos,Kvikk,Affi,,,,,,,,,,,,,,,,,,,,,,,,,,,,,,,,,,,,,,,,,,,,,,,,,,,,,,,,,,,,,,,,,,,,,,,,,,,,,,,,,,,,,,,,,,,,,,,,,xpevo 2023
2023-09-23 16:00,GranaDy,Evon,Ender,Hisoris,,,,,,,,,,,,,,,,,,,,,,,,,,,,,,,,,,,,,,,,,,,,,,,,,,,,,,,,,,,,,,,,,,,,,,,,,,,,,,,,,,,,,,,,,,,,,,,,,xpevo 2023
2023-09-23 16:00,Tween,SkandeaR,Switch,L1ngo,,,,,,,,,,,,,,,,,,,,,,,,,,,,,,,,,,,,,,,,,,,,,,,,,,,,,,,,,,,,,,,,,,,,,,,,,,,,,,,,,,,,,,,,,,,,,,,,,xpevo 2023
2023-09-23 16:00,Feed,Mury,Kappa,Joooooooooey,,,,,,,,,,,,,,,,,,,,,,,,,,,,,,,,,,,,,,,,,,,,,,,,,,,,,,,,,,,,,,,,,,,,,,,,,,,,,,,,,,,,,,,,,,,,,,,,,xpevo 2023
2023-09-23 16:00,Az0x,Hugo220,Piranha,vekisoos,,,,,,,,,,,,,,,,,,,,,,,,,,,,,,,,,,,,,,,,,,,,,,,,,,,,,,,,,,,,,,,,,,,,,,,,,,,,,,,,,,,,,,,,,,,,,,,,,xpevo 2023
2023-09-23 16:00,Ener,Massa,Ikewolf,Vixxa,,,,,,,,,,,,,,,,,,,,,,,,,,,,,,,,,,,,,,,,,,,,,,,,,,,,,,,,,,,,,,,,,,,,,,,,,,,,,,,,,,,,,,,,,,,,,,,,,xpevo 2023
2023-09-23 17:00,Letzter,Switch,Nico,IXAWAI,,,,,,,,,,,,,,,,,,,,,,,,,,,,,,,,,,,,,,,,,,,,,,,,,,,,,,,,,,,,,,,,,,,,,,,,,,,,,,,,,,,,,,,,,,,,,,,,,xpevo 2023
2023-09-23 17:00,Rasg,seraf,Vanity,Joooooooooey,,,,,,,,,,,,,,,,,,,,,,,,,,,,,,,,,,,,,,,,,,,,,,,,,,,,,,,,,,,,,,,,,,,,,,,,,,,,,,,,,,,,,,,,,,,,,,,,,xpevo 2023
2023-09-23 17:00,Kvikk,vekisoos,ParZival,ScarPurp,,,,,,,,,,,,,,,,,,,,,,,,,,,,,,,,,,,,,,,,,,,,,,,,,,,,,,,,,,,,,,,,,,,,,,,,,,,,,,,,,,,,,,,,,,,,,,,,,xpevo 2023
2023-09-23 17:00,Ender,Stufts,Ikewolf,BENOXy,,,,,,,,,,,,,,,,,,,,,,,,,,,,,,,,,,,,,,,,,,,,,,,,,,,,,,,,,,,,,,,,,,,,,,,,,,,,,,,,,,,,,,,,,,,,,,,,,xpevo 2023
2023-09-23 17:00,Whizzy,L1ngo,Nevermind,Fegir,,,,,,,,,,,,,,,,,,,,,,,,,,,,,,,,,,,,,,,,,,,,,,,,,,,,,,,,,,,,,,,,,,,,,,,,,,,,,,,,,,,,,,,,,,,,,,,,,xpevo 2023
2023-09-23 17:00,Deska,Kappa,Nalax,Laser,,,,,,,,,,,,,,,,,,,,,,,,,,,,,,,,,,,,,,,,,,,,,,,,,,,,,,,,,,,,,,,,,,,,,,,,,,,,,,,,,,,,,,,,,,,,,,,,,xpevo 2023
2023-09-23 17:00,Piranha,Affi,Fliks,Sympthone,,,,,,,,,,,,,,,,,,,,,,,,,,,,,,,,,,,,,,,,,,,,,,,,,,,,,,,,,,,,,,,,,,,,,,,,,,,,,,,,,,,,,,,,,,,,,,,,,xpevo 2023
2023-09-23 17:00,Vixxa,Mime,Hisoris,Sheinimi,,,,,,,,,,,,,,,,,,,,,,,,,,,,,,,,,,,,,,,,,,,,,,,,,,,,,,,,,,,,,,,,,,,,,,,,,,,,,,,,,,,,,,,,,,,,,,,,,xpevo 2023
2023-09-23 18:00,Hugo220,Feed,Tween,Massa,,,,,,,,,,,,,,,,,,,,,,,,,,,,,,,,,,,,,,,,,,,,,,,,,,,,,,,,,,,,,,,,,,,,,,,,,,,,,,,,,,,,,,,,,,,,,,,,,xpevo 2023
2023-09-23 18:00,Az0x,Mury,Ener,SkandeaR,,,,,,,,,,,,,,,,,,,,,,,,,,,,,,,,,,,,,,,,,,,,,,,,,,,,,,,,,,,,,,,,,,,,,,,,,,,,,,,,,,,,,,,,,,,,,,,,,xpevo 2023
2023-09-23 18:00,Barbos,Otaaaq,Elconn,Evon,,,,,,,,,,,,,,,,,,,,,,,,,,,,,,,,,,,,,,,,,,,,,,,,,,,,,,,,,,,,,,,,,,,,,,,,,,,,,,,,,,,,,,,,,,,,,,,,,xpevo 2023
2023-09-23 18:00,GranaDy,Spam,Scrapie,Ratchet,,,,,,,,,,,,,,,,,,,,,,,,,,,,,,,,,,,,,,,,,,,,,,,,,,,,,,,,,,,,,,,,,,,,,,,,,,,,,,,,,,,,,,,,,,,,,,,,,xpevo 2023
2023-09-23 19:00,Letzter,Rasg,Affi,Mime,,,,,,,,,,,,,,,,,,,,,,,,,,,,,,,,,,,,,,,,,,,,,,,,,,,,,,,,,,,,,,,,,,,,,,,,,,,,,,,,,,,,,,,,,,,,,,,,,xpevo 2023
2023-09-23 19:00,Kappa,L1ngo,Ender,Kvikk,,,,,,,,,,,,,,,,,,,,,,,,,,,,,,,,,,,,,,,,,,,,,,,,,,,,,,,,,,,,,,,,,,,,,,,,,,,,,,,,,,,,,,,,,,,,,,,,,xpevo 2023
2023-09-23 19:00,Whizzy,Stufts,Deska,vekisoos,,,,,,,,,,,,,,,,,,,,,,,,,,,,,,,,,,,,,,,,,,,,,,,,,,,,,,,,,,,,,,,,,,,,,,,,,,,,,,,,,,,,,,,,,,,,,,,,,xpevo 2023
2023-09-23 19:00,Piranha,Switch,Vixxa,seraf,,,,,,,,,,,,,,,,,,,,,,,,,,,,,,,,,,,,,,,,,,,,,,,,,,,,,,,,,,,,,,,,,,,,,,,,,,,,,,,,,,,,,,,,,,,,,,,,,xpevo 2023
2023-09-24 13:00,Stufts,Letzter,Massa,Elconn,,,,,,,,,,,,,,,,,,,,,,,,,,,,,,,,,,,,,,,,,,,,,,,,,,,,,,,,,,,,,,,,,,,,,,,,,,,,,,,,,,,,,,,,,,,,,,,,,xpevo 2023
2023-09-24 13:00,Ratchet,Switch,SkandeaR,Kappa,,,,,,,,,,,,,,,,,,,,,,,,,,,,,,,,,,,,,,,,,,,,,,,,,,,,,,,,,,,,,,,,,,,,,,,,,,,,,,,,,,,,,,,,,,,,,,,,,xpevo 2023
2023-09-24 13:00,Rasg,Tween,Evon,Whizzy,,,,,,,,,,,,,,,,,,,,,,,,,,,,,,,,,,,,,,,,,,,,,,,,,,,,,,,,,,,,,,,,,,,,,,,,,,,,,,,,,,,,,,,,,,,,,,,,,xpevo 2023
2023-09-24 13:00,L1ngo,Piranha,Scrapie,Ener,,,,,,,,,,,,,,,,,,,,,,,,,,,,,,,,,,,,,,,,,,,,,,,,,,,,,,,,,,,,,,,,,,,,,,,,,,,,,,,,,,,,,,,,,,,,,,,,,xpevo 2023
2023-09-24 14:00,Tween,Stufts,L1ngo,Switch,,,,,,,,,,,,,,,,,,,,,,,,,,,,,,,,,,,,,,,,,,,,,,,,,,,,,,,,,,,,,,,,,,,,,,,,,,,,,,,,,,,,,,,,,,,,,,,,,xpevo 2023
2023-09-24 14:00,Letter,Piranha,Ratchet,Rasg,,,,,,,,,,,,,,,,,,,,,,,,,,,,,,,,,,,,,,,,,,,,,,,,,,,,,,,,,,,,,,,,,,,,,,,,,,,,,,,,,,,,,,,,,,,,,,,,,xpevo 2023
2023-09-24 15:00,GranaDy,Feed,Barbos,Mury,,,,,,,,,,,,,,,,,,,,,,,,,,,,,,,,,,,,,,,,,,,,,,,,,,,,,,,,,,,,,,,,,,,,,,,,,,,,,,,,,,,,,,,,,,,,,,,,,xpevo 2023
2023-09-24 15:00,Otaaaq,Hugo220,Az0x,Spam,,,,,,,,,,,,,,,,,,,,,,,,,,,,,,,,,,,,,,,,,,,,,,,,,,,,,,,,,,,,,,,,,,,,,,,,,,,,,,,,,,,,,,,,,,,,,,,,,xpevo 2023
2023-09-24 16:00,Mury,Tween,Spam,Letzter,,,,,,,,,,,,,,,,,,,,,,,,,,,,,,,,,,,,,,,,,,,,,,,,,,,,,,,,,,,,,,,,,,,,,,,,,,,,,,,,,,,,,,,,,,,,,,,,,xpevo 2023
2023-09-24 16:00,Barbos,Az0x,Stufts,Piranha,,,,,,,,,,,,,,,,,,,,,,,,,,,,,,,,,,,,,,,,,,,,,,,,,,,,,,,,,,,,,,,,,,,,,,,,,,,,,,,,,,,,,,,,,,,,,,,,,xpevo 2023
2023-09-24 17:00,GranaDy,Otaaaq,Feed,Hugo220,,,,,,,,,,,,,,,,,,,,,,,,,,,,,,,,,,,,,,,,,,,,,,,,,,,,,,,,,,,,,,,,,,,,,,,,,,,,,,,,,,,,,,,,,,,,,,,,,xpevo 2023
2023-09-24 17:00,Barbos,Az0x,Tween,Mury,,,,,,,,,,,,,,,,,,,,,,,,,,,,,,,,,,,,,,,,,,,,,,,,,,,,,,,,,,,,,,,,,,,,,,,,,,,,,,,,,,,,,,,,,,,,,,,,,xpevo 2023
2023-09-24 18:00,Barbos,Hugo220,Feed,Az0x,,,,,,,,,,,,,,,,,,,,,,,,,,,,,,,,,,,,,,,,,,,,,,,,,,,,,,,,,,,,,,,,,,,,,,,,,,,,,,,,,,,,,,,,,,,,,,,,,xpevo 2023
2023-09-24 19:00,Otaaaq,GranaDy,Barbos,Hugo220,,,,,,,,,,,,,,,,,,,,,,,,,,,,,,,,,,,,,,,,,,,,,,,,,,,,,,,,,,,,,,,,,,,,,,,,,,,,,,,,,,,,,,,,,,,,,,,,,xpevo 2023
2023-10-28 20:00,Bren,GranaDy,Glast,Binkss,Richie,Wosile,Heav,Mime,,,,,,,,,,,,,,,,,,,,,,,,,,,,,,,,,,,,,,,,,,,,,,,,,,,,,,,,,,,,,,,,,,,,,,,,,,,,,,,,,,,,,,,,,,,,,Ascension 2023
2023-10-28 21:00,Affi,Gwen,Carl Jr.,Arthaniir,Otaaaq,Massa,Cocow,Tjalic,,,,,,,,,,,,,,,,,,,,,,,,,,,,,,,,,,,,,,,,,,,,,,,,,,,,,,,,,,,,,,,,,,,,,,,,,,,,,,,,,,,,,,,,,,,,,Ascension 2023
2023-10-28 22:00,Gwen,Carl Jr.,GranaDy,Bren,Affi,Glast,Binkss,Arthaniir,,,,,,,,,,,,,,,,,,,,,,,,,,,,,,,,,,,,,,,,,,,,,,,,,,,,,,,,,,,,,,,,,,,,,,,,,,,,,,,,,,,,,,,,,,,,,Ascension 2023
2023-06-29 20:00,Arthaniir,Binkss,Wosile,Tjalic,SkandeaR,Dofault,Legu,Wingobear,,,,,,,,,,,,,,,,,,,,,,,,,,,,,,,,,,,,,,,,,,,,,,,,,,,,,,,,,,,,,,,,,,,,,,,,,,,,,,,,,,,,,,,,,,,,,Ascension 2023
2023-06-29 21:00,Gwen,Bren,Glast,Otaaaq,GranaDy,Affi,Carl Jr.,Heav,,,,,,,,,,,,,,,,,,,,,,,,,,,,,,,,,,,,,,,,,,,,,,,,,,,,,,,,,,,,,,,,,,,,,,,,,,,,,,,,,,,,,,,,,,,,,Ascension 2023
2023-06-29 22:00,Tjalic,Binkss,Wosile,Gwen,Arthaniir,Bren,Glast,Otaaaq,,,,,,,,,,,,,,,,,,,,,,,,,,,,,,,,,,,,,,,,,,,,,,,,,,,,,,,,,,,,,,,,,,,,,,,,,,,,,,,,,,,,,,,,,,,,,Ascension 2023
2023-09-16 20:00,Carl Jr.,Affi,Heav,Richie,Worker,Sam,Kappa,Legu,,,,,,,,,,,,,,,,,,,,,,,,,,,,,,,,,,,,,,,,,,,,,,,,,,,,,,,,,,,,,,,,,,,,,,,,,,,,,,,,,,,,,,,,,,,,,Ascension 2024
2023-09-16 21:00,GranaDy,Mime,Massa,Cocow,Snow,Xerar,Mudda,Dionysos,,,,,,,,,,,,,,,,,,,,,,,,,,,,,,,,,,,,,,,,,,,,,,,,,,,,,,,,,,,,,,,,,,,,,,,,,,,,,,,,,,,,,,,,,,,,,Ascension 2025
2023-09-16 22:00,GranaDy,Affi,Massa,Richie,Mime,Carl Jr.,Cocow,Heav,,,,,,,,,,,,,,,,,,,,,,,,,,,,,,,,,,,,,,,,,,,,,,,,,,,,,,,,,,,,,,,,,,,,,,,,,,,,,,,,,,,,,,,,,,,,,Ascension 2026
2019-02-03 0:00,Carl Jr.,Papou,Spam,Bren,DanikB,Dexter,B1ts,Kappa,Rollin,Pac,Dunste,Cap,Maciey,zBurst,Scrapie,Sky,,,,,,,,,,,,,,,,,,,,,,,,,,,,,,,,,,,,,,,,,,,,,,,,,,,,,,,,,,,,,,,,,,,,,,,,,,,,,,,,,,,,,TMGL Beta Season
2019-02-10 0:00,Scrapie,Carl Jr.,Pac,Bren,Kappa,DanikB,Rollin,Papou,zBurst,Dexter,Cap,Spam,Dunste,Maciey,B1ts,Sky,,,,,,,,,,,,,,,,,,,,,,,,,,,,,,,,,,,,,,,,,,,,,,,,,,,,,,,,,,,,,,,,,,,,,,,,,,,,,,,,,,,,,TMGL Beta Season
2019-02-17 0:00,Carl Jr.,Spam,Cap,Kappa,Rollin,Bren,Papou,Dexter,Pac,Dunste,Scrapie,B1ts,DanikB,Sky,zBurst,Maciey,,,,,,,,,,,,,,,,,,,,,,,,,,,,,,,,,,,,,,,,,,,,,,,,,,,,,,,,,,,,,,,,,,,,,,,,,,,,,,,,,,,,,TMGL Beta Season
2019-03-03 0:00,Pac,Carl Jr.,Kappa,Scrapie,Bren,Papou,Spam,DanikB,Rollin,B1ts,Cap,Sky,Maciey,Dexter,Dunste,,,,,,,,,,,,,,,,,,,,,,,,,,,,,,,,,,,,,,,,,,,,,,,,,,,,,,,,,,,,,,,,,,,,,,,,,,,,,,,,,,,,,,TMGL Beta Season
2019-03-17 0:00,Pac,Carl Jr.,Kappa,Spam,Rollin,Cap,Papou,Bren,Dunste,Maciey,B1ts,DanikB,Dexter,zBurst,,,,,,,,,,,,,,,,,,,,,,,,,,,,,,,,,,,,,,,,,,,,,,,,,,,,,,,,,,,,,,,,,,,,,,,,,,,,,,,,,,,,,,,TMGL Beta Season
2019-03-31 0:00,Carl Jr.,Pac,Bren,Cap,Spam,Dunste,Papou,Scrapie,DanikB,Kappa,Rollin,zBurst,Massa,B1ts,Maciey,,,,,,,,,,,,,,,,,,,,,,,,,,,,,,,,,,,,,,,,,,,,,,,,,,,,,,,,,,,,,,,,,,,,,,,,,,,,,,,,,,,,,,TMGL Beta Season
2019-04-14 0:00,Carl Jr.,Pac,Spam,Bren,Massa,Kappa,Kappa,Papou,Rollin,Cap,Dunste,Maciey,DanikB,B1ts,zBurst,Dexter,,,,,,,,,,,,,,,,,,,,,,,,,,,,,,,,,,,,,,,,,,,,,,,,,,,,,,,,,,,,,,,,,,,,,,,,,,,,,,,,,,,,,TMGL Beta Season
2019-04-28 0:00,Carl Jr.,Scrapie,Rollin,Massa,Pac,Cap,Bren,Dunste,Papou,Spam,Dexter,DanikB,B1ts,zBurst,,,,,,,,,,,,,,,,,,,,,,,,,,,,,,,,,,,,,,,,,,,,,,,,,,,,,,,,,,,,,,,,,,,,,,,,,,,,,,,,,,,,,,,TMGL Beta Season
2019-05-05 0:00,Spam,Carl Jr.,Pac,Papou,Dunste,Cap,Bren,DanikB,Kappa,Massa,Rollin,Scrapie,B1ts,Dexter,Maciey,,,,,,,,,,,,,,,,,,,,,,,,,,,,,,,,,,,,,,,,,,,,,,,,,,,,,,,,,,,,,,,,,,,,,,,,,,,,,,,,,,,,,,TMGL Beta Season
2019-05-12 0:00,Spam,Papou,Rollin,Scrapie,Carl Jr.,Massa,Maciey,Kappa,DanikB,Pac,Bren,B1ts,Dunste,Cap,Dexter,zBurst,,,,,,,,,,,,,,,,,,,,,,,,,,,,,,,,,,,,,,,,,,,,,,,,,,,,,,,,,,,,,,,,,,,,,,,,,,,,,,,,,,,,,TMGL Beta Season
2019-10-30 13:00,Carl Jr.,Papou,Scrapie,Kappa,,,,,,,,,,,,,,,,,,,,,,,,,,,,,,,,,,,,,,,,,,,,,,,,,,,,,,,,,,,,,,,,,,,,,,,,,,,,,,,,,,,,,,,,,,,,,,,,,TMGL Beta Season
2019-10-30 13:00,Pac,Spam,Bren,Rollin,,,,,,,,,,,,,,,,,,,,,,,,,,,,,,,,,,,,,,,,,,,,,,,,,,,,,,,,,,,,,,,,,,,,,,,,,,,,,,,,,,,,,,,,,,,,,,,,,TMGL Beta Season
2019-10-30 14:00,Kappa,Bren,Rollin,Scrapie,,,,,,,,,,,,,,,,,,,,,,,,,,,,,,,,,,,,,,,,,,,,,,,,,,,,,,,,,,,,,,,,,,,,,,,,,,,,,,,,,,,,,,,,,,,,,,,,,TMGL Beta Season
2019-10-30 15:00,Carl Jr.,Papou,Pac,Spam,,,,,,,,,,,,,,,,,,,,,,,,,,,,,,,,,,,,,,,,,,,,,,,,,,,,,,,,,,,,,,,,,,,,,,,,,,,,,,,,,,,,,,,,,,,,,,,,,TMGL Beta Season
2019-10-30 16:00,Kappa,Spam,Bren,Pac,,,,,,,,,,,,,,,,,,,,,,,,,,,,,,,,,,,,,,,,,,,,,,,,,,,,,,,,,,,,,,,,,,,,,,,,,,,,,,,,,,,,,,,,,,,,,,,,,TMGL Beta Season
2019-10-30 17:00,Kappa,Papou,Pac,Bren,,,,,,,,,,,,,,,,,,,,,,,,,,,,,,,,,,,,,,,,,,,,,,,,,,,,,,,,,,,,,,,,,,,,,,,,,,,,,,,,,,,,,,,,,,,,,,,,,TMGL Beta Season
2020-09-13 0:00,Papou,Spam,Scrapie,Kappa,Affi,Carl Jr.,Gwen,Evon,Pac,riolu,Yannex,Massa,Bren,matt,Tween,Aurel,,,,,,,,,,,,,,,,,,,,,,,,,,,,,,,,,,,,,,,,,,,,,,,,,,,,,,,,,,,,,,,,,,,,,,,,,,,,,,,,,,,,,TMGL Fall 2020
2020-07-12 0:00,Pac,Scrapie,Papou,Kappa,Carl Jr.,Gwen,Aurel,Spam,Tween,Affi,Yannex,Massa,Bren,riolu,Evon,matt,,,,,,,,,,,,,,,,,,,,,,,,,,,,,,,,,,,,,,,,,,,,,,,,,,,,,,,,,,,,,,,,,,,,,,,,,,,,,,,,,,,,,TMGL Fall 2020 Showmatch
2020-11-01 13:00,Pac,Papou,Gwen,Carl Jr.,Aurel,Affi,Kappa,Spam,,,,,,,,,,,,,,,,,,,,,,,,,,,,,,,,,,,,,,,,,,,,,,,,,,,,,,,,,,,,,,,,,,,,,,,,,,,,,,,,,,,,,,,,,,,,,TMGL Fall 2020
2020-11-01 14:00,Papou,Carl Jr.,Pac,Gwen,Affi,Aurel,,,,,,,,,,,,,,,,,,,,,,,,,,,,,,,,,,,,,,,,,,,,,,,,,,,,,,,,,,,,,,,,,,,,,,,,,,,,,,,,,,,,,,,,,,,,,,,TMGL Fall 2020
2020-11-01 15:00,Gwen,Carl Jr.,Pac,Papou,,,,,,,,,,,,,,,,,,,,,,,,,,,,,,,,,,,,,,,,,,,,,,,,,,,,,,,,,,,,,,,,,,,,,,,,,,,,,,,,,,,,,,,,,,,,,,,,,TMGL Fall 2020
2020-11-01 16:00,Carl Jr.,Gwen,,,,,,,,,,,,,,,,,,,,,,,,,,,,,,,,,,,,,,,,,,,,,,,,,,,,,,,,,,,,,,,,,,,,,,,,,,,,,,,,,,,,,,,,,,,,,,,,,,,TMGL Fall 2020
2020-01-11 13:00,Legu,Gwen,Yannex,Nixotica,Dofault,Nodd,Wosile,Raizo,MiQuatro,Neqzo,Meh,NRGZ,Skydear,Javzo,Nevermind,CiremyxX,,,,,,,,,,,,,,,,,,,,,,,,,,,,,,,,,,,,,,,,,,,,,,,,,,,,,,,,,,,,,,,,,,,,,,,,,,,,,,,,,,,,,TMGL Open Winter 2020
2020-01-11 14:00,Affi,Eger,Vulnerra,Haedra,Badlulu,Cap,Razii,Tricky,Link.FR,Mixmod,MimoJr.,Vivic,Dog,beN,Brandom,Tankrom,,,,,,,,,,,,,,,,,,,,,,,,,,,,,,,,,,,,,,,,,,,,,,,,,,,,,,,,,,,,,,,,,,,,,,,,,,,,,,,,,,,,,TMGL Open Winter 2020
2020-01-18 13:00,Gwen,Affi,Mixmod,Tankrom,CiremyxX,Bensword,Haedra,Wirtual,Razii,GranaDy,MimoJr.,Link.FR,Dog,Cap,Nodd,Turbo,,,,,,,,,,,,,,,,,,,,,,,,,,,,,,,,,,,,,,,,,,,,,,,,,,,,,,,,,,,,,,,,,,,,,,,,,,,,,,,,,,,,,TMGL Open Winter 2020
2020-01-18 14:00,Yannex,Badlulu,Tricky,Wosile,Vulnerra,Javzo,Raizo,Dark,Wingobear,Legu,Marius89,MiQuatro,Dofault,Bresso,Eger,Ayako,,,,,,,,,,,,,,,,,,,,,,,,,,,,,,,,,,,,,,,,,,,,,,,,,,,,,,,,,,,,,,,,,,,,,,,,,,,,,,,,,,,,,TMGL Open Winter 2020
2020-01-25 0:00,Legu,Dark,MiQuatro,Badlulu,Eger,Tankrom,Vulnerra,Raizo,Dog,Vivic,Razer,Razii,Wosile,Wirtual,Javzo,Brandom,,,,,,,,,,,,,,,,,,,,,,,,,,,,,,,,,,,,,,,,,,,,,,,,,,,,,,,,,,,,,,,,,,,,,,,,,,,,,,,,,,,,,TMGL Open Winter 2020
2020-01-25 0:00,Gwen,Affi,Yannex,Haedra,GranaDy,Tricky,Link.FR,Nixotica,Wingobear,Yotokotokolo,Meh,DankRaptor,Bresso,Dofault,Skydear,Shpluk,,,,,,,,,,,,,,,,,,,,,,,,,,,,,,,,,,,,,,,,,,,,,,,,,,,,,,,,,,,,,,,,,,,,,,,,,,,,,,,,,,,,,TMGL Open Winter 2020
2020-02-01 0:00,Eger,Yannex,DarkLight,Ayako,SkandeaR,SuperCarlouf,Legu,CiremyxX,Nawk,MiQuatro,Dofault,Micka,Snatix,Jean-Rene,Siqaa,Bresso,,,,,,,,,,,,,,,,,,,,,,,,,,,,,,,,,,,,,,,,,,,,,,,,,,,,,,,,,,,,,,,,,,,,,,,,,,,,,,,,,,,,,TMGL Open Winter 2020
2020-02-01 0:00,Gwen,Affi,Razii,Dog,MimoJr.,raizo,Wingobear,Link.FR,Tricky,Javzo,Mixmod,Wosile,Nixotica,Vulnerra,SuptimaL,Skydear,,,,,,,,,,,,,,,,,,,,,,,,,,,,,,,,,,,,,,,,,,,,,,,,,,,,,,,,,,,,,,,,,,,,,,,,,,,,,,,,,,,,,TMGL Open Winter 2020
2020-02-08 0:00,Legu,MiQuatro,Yannex,Haedra,GranaDy,Eger,Dofault,Gwen,Siqaa,raizo,Mixmod,Dog,Nixotica,Ezpowa,Micka,Nawk,,,,,,,,,,,,,,,,,,,,,,,,,,,,,,,,,,,,,,,,,,,,,,,,,,,,,,,,,,,,,,,,,,,,,,,,,,,,,,,,,,,,,TMGL Open Winter 2020
2020-02-08 0:00,Affi,Dark,Tricky,MimoJr.,Vulnerra,Link.FR,Razii,Snow,Wosile,Bresso,Javzo,CiremyxX,Ayako,Snatix,Wingobear,Foxy,,,,,,,,,,,,,,,,,,,,,,,,,,,,,,,,,,,,,,,,,,,,,,,,,,,,,,,,,,,,,,,,,,,,,,,,,,,,,,,,,,,,,TMGL Open Winter 2020
2020-02-15 0:00,raizo,Yannex,MimoJr.,Wosile,Eger,Razii,Javzo,Dofault,Vivic,Link.FR,Bresso,MiQuatro,Laznox,Skydruw,Sheeps,Jean-Rene,,,,,,,,,,,,,,,,,,,,,,,,,,,,,,,,,,,,,,,,,,,,,,,,,,,,,,,,,,,,,,,,,,,,,,,,,,,,,,,,,,,,,TMGL Open Winter 2020
2020-02-15 0:00,Gwen,Affi,DarkLight,Legu,Vulnerra,Haedra,Mixmod,Tricky,Marius89,zeR,Ezpowa,Siqaa,Micka,CiremyxX,Munrev,Nixotica,,,,,,,,,,,,,,,,,,,,,,,,,,,,,,,,,,,,,,,,,,,,,,,,,,,,,,,,,,,,,,,,,,,,,,,,,,,,,,,,,,,,,TMGL Open Winter 2020
2020-02-28 13:00,Carl Jr.,Papou,Kappa,Tween,,,,,,,,,,,,,,,,,,,,,,,,,,,,,,,,,,,,,,,,,,,,,,,,,,,,,,,,,,,,,,,,,,,,,,,,,,,,,,,,,,,,,,,,,,,,,,,,,TMGL Winter 2020
2020-02-28 13:00,Scrapie,Spam,riolu,Aurel,,,,,,,,,,,,,,,,,,,,,,,,,,,,,,,,,,,,,,,,,,,,,,,,,,,,,,,,,,,,,,,,,,,,,,,,,,,,,,,,,,,,,,,,,,,,,,,,,TMGL Winter 2020
2020-02-28 14:00,Kappa,riolu,Tween,Aurel,,,,,,,,,,,,,,,,,,,,,,,,,,,,,,,,,,,,,,,,,,,,,,,,,,,,,,,,,,,,,,,,,,,,,,,,,,,,,,,,,,,,,,,,,,,,,,,,,TMGL Winter 2020
2020-02-28 15:00,Carl Jr.,Papou,Scrapie,Spam,,,,,,,,,,,,,,,,,,,,,,,,,,,,,,,,,,,,,,,,,,,,,,,,,,,,,,,,,,,,,,,,,,,,,,,,,,,,,,,,,,,,,,,,,,,,,,,,,TMGL Winter 2020
2020-02-28 16:00,Kappa,Scrapie,Spam,riolu,,,,,,,,,,,,,,,,,,,,,,,,,,,,,,,,,,,,,,,,,,,,,,,,,,,,,,,,,,,,,,,,,,,,,,,,,,,,,,,,,,,,,,,,,,,,,,,,,TMGL Winter 2020
2020-02-28 17:00,Carl Jr.,Scrapie,Kappa,Papou,,,,,,,,,,,,,,,,,,,,,,,,,,,,,,,,,,,,,,,,,,,,,,,,,,,,,,,,,,,,,,,,,,,,,,,,,,,,,,,,,,,,,,,,,,,,,,,,,TMGL Winter 2020
2020-01-05 0:00,Carl Jr.,Papou,Pac,riolu,Tween,Spam,Massa,Kappa,Revolution,Cocow,Rollin,matt,Bren,Aurel,Scrapie,,,,,,,,,,,,,,,,,,,,,,,,,,,,,,,,,,,,,,,,,,,,,,,,,,,,,,,,,,,,,,,,,,,,,,,,,,,,,,,,,,,,,,TMGL Winter 2020
2020-01-12 0:00,Kappa,riolu,Aurel,Carl Jr.,Tween,Papou,Massa,Scrapie,Rollin,MarciN,Pac,Cocow,matt,Bren,Revolution,Spam,,,,,,,,,,,,,,,,,,,,,,,,,,,,,,,,,,,,,,,,,,,,,,,,,,,,,,,,,,,,,,,,,,,,,,,,,,,,,,,,,,,,,TMGL Winter 2020
2020-01-19 0:00,Carl Jr.,Scrapie,riolu,Aurel,MarciN,matt,Pac,Papou,Massa,Tween,Kappa,Bren,Cocow,Spam,Rollin,Revolution,,,,,,,,,,,,,,,,,,,,,,,,,,,,,,,,,,,,,,,,,,,,,,,,,,,,,,,,,,,,,,,,,,,,,,,,,,,,,,,,,,,,,TMGL Winter 2020
2020-01-26 0:00,Papou,riolu,Spam,Bren,matt,Revolution,Tween,Cocow,Scrapie,Aurel,MarciN,Kappa,Massa,Pac,Carl Jr.,Rollin,,,,,,,,,,,,,,,,,,,,,,,,,,,,,,,,,,,,,,,,,,,,,,,,,,,,,,,,,,,,,,,,,,,,,,,,,,,,,,,,,,,,,TMGL Winter 2020
2020-02-02 0:00,Papou,Tween,Aurel,Scrapie,Bren,Kappa,matt,Spam,Pac,Massa,Revolution,Rollin,riolu,Cocow,,,,,,,,,,,,,,,,,,,,,,,,,,,,,,,,,,,,,,,,,,,,,,,,,,,,,,,,,,,,,,,,,,,,,,,,,,,,,,,,,,,,,,,TMGL Winter 2020
2020-02-09 0:00,Aurel,Kappa,riolu,Pac,Spam,Papou,Scrapie,Rollin,Tween,Revolution,Bren,Massa,matt,Cocow,,,,,,,,,,,,,,,,,,,,,,,,,,,,,,,,,,,,,,,,,,,,,,,,,,,,,,,,,,,,,,,,,,,,,,,,,,,,,,,,,,,,,,,TMGL Winter 2020
2021-03-10 13:00,Carl Jr.,Razer,MattOuZ,Spam,,,,,,,,,,,,,,,,,,,,,,,,,,,,,,,,,,,,,,,,,,,,,,,,,,,,,,,,,,,,,,,,,,,,,,,,,,,,,,,,,,,,,,,,,,,,,,,,,Gamers Assembly 2021
2021-03-10 13:00,Pac,Panda,Nevermind,Z1row,,,,,,,,,,,,,,,,,,,,,,,,,,,,,,,,,,,,,,,,,,,,,,,,,,,,,,,,,,,,,,,,,,,,,,,,,,,,,,,,,,,,,,,,,,,,,,,,,Gamers Assembly 2021
2021-03-10 13:00,Bren,MathiCs,Feed,Angelo,,,,,,,,,,,,,,,,,,,,,,,,,,,,,,,,,,,,,,,,,,,,,,,,,,,,,,,,,,,,,,,,,,,,,,,,,,,,,,,,,,,,,,,,,,,,,,,,,Gamers Assembly 2021
2021-03-10 13:00,Dutchy,Hugo220,PauLL,Javzo,,,,,,,,,,,,,,,,,,,,,,,,,,,,,,,,,,,,,,,,,,,,,,,,,,,,,,,,,,,,,,,,,,,,,,,,,,,,,,,,,,,,,,,,,,,,,,,,,Gamers Assembly 2021
2021-03-10 14:00,Carl Jr.,Dutchy,Panda,MathiCs,,,,,,,,,,,,,,,,,,,,,,,,,,,,,,,,,,,,,,,,,,,,,,,,,,,,,,,,,,,,,,,,,,,,,,,,,,,,,,,,,,,,,,,,,,,,,,,,,Gamers Assembly 2021
2021-03-10 14:00,Razer,Bren,Pac,Hugo220,,,,,,,,,,,,,,,,,,,,,,,,,,,,,,,,,,,,,,,,,,,,,,,,,,,,,,,,,,,,,,,,,,,,,,,,,,,,,,,,,,,,,,,,,,,,,,,,,Gamers Assembly 2021
2021-03-10 15:00,Carl Jr.,Dutchy,Razer,Bren,,,,,,,,,,,,,,,,,,,,,,,,,,,,,,,,,,,,,,,,,,,,,,,,,,,,,,,,,,,,,,,,,,,,,,,,,,,,,,,,,,,,,,,,,,,,,,,,,Gamers Assembly 2021
2021-03-10 13:00,Panda,Hugo220,Ringoa,Heathcliff,,,,,,,,,,,,,,,,,,,,,,,,,,,,,,,,,,,,,,,,,,,,,,,,,,,,,,,,,,,,,,,,,,,,,,,,,,,,,,,,,,,,,,,,,,,,,,,,,Gamers Assembly 2021
2021-03-10 13:00,Razer,Magorian,Nodd,Paynn,,,,,,,,,,,,,,,,,,,,,,,,,,,,,,,,,,,,,,,,,,,,,,,,,,,,,,,,,,,,,,,,,,,,,,,,,,,,,,,,,,,,,,,,,,,,,,,,,Gamers Assembly 2021
2021-03-10 13:00,Ratchet,Feed,Javzo,cLM,,,,,,,,,,,,,,,,,,,,,,,,,,,,,,,,,,,,,,,,,,,,,,,,,,,,,,,,,,,,,,,,,,,,,,,,,,,,,,,,,,,,,,,,,,,,,,,,,Gamers Assembly 2021
2021-03-10 13:00,Mgwen,Ben,MathiCs,Zvarney,,,,,,,,,,,,,,,,,,,,,,,,,,,,,,,,,,,,,,,,,,,,,,,,,,,,,,,,,,,,,,,,,,,,,,,,,,,,,,,,,,,,,,,,,,,,,,,,,Gamers Assembly 2021
2021-03-10 14:00,Gwen,Feed,Panda,Magorian,,,,,,,,,,,,,,,,,,,,,,,,,,,,,,,,,,,,,,,,,,,,,,,,,,,,,,,,,,,,,,,,,,,,,,,,,,,,,,,,,,,,,,,,,,,,,,,,,Gamers Assembly 2021
2021-03-10 14:00,Ratchet,Razer,Hugo220,Ben,,,,,,,,,,,,,,,,,,,,,,,,,,,,,,,,,,,,,,,,,,,,,,,,,,,,,,,,,,,,,,,,,,,,,,,,,,,,,,,,,,,,,,,,,,,,,,,,,Gamers Assembly 2021
2021-03-10 15:00,Feed,Razer,Gwen,Ratchet,,,,,,,,,,,,,,,,,,,,,,,,,,,,,,,,,,,,,,,,,,,,,,,,,,,,,,,,,,,,,,,,,,,,,,,,,,,,,,,,,,,,,,,,,,,,,,,,,Gamers Assembly 2021
2021-03-10 13:00,Novis,Hugo220,Nevermind,Ben,,,,,,,,,,,,,,,,,,,,,,,,,,,,,,,,,,,,,,,,,,,,,,,,,,,,,,,,,,,,,,,,,,,,,,,,,,,,,,,,,,,,,,,,,,,,,,,,,Gamers Assembly 2021
2021-03-10 13:00,Razer,Panda,Shark,Zare,,,,,,,,,,,,,,,,,,,,,,,,,,,,,,,,,,,,,,,,,,,,,,,,,,,,,,,,,,,,,,,,,,,,,,,,,,,,,,,,,,,,,,,,,,,,,,,,,Gamers Assembly 2021
2021-03-10 13:00,Massa,Ratchet,Spam,Cap,,,,,,,,,,,,,,,,,,,,,,,,,,,,,,,,,,,,,,,,,,,,,,,,,,,,,,,,,,,,,,,,,,,,,,,,,,,,,,,,,,,,,,,,,,,,,,,,,Gamers Assembly 2021
2021-03-10 13:00,Pac,Nodd,MiQuatro,Tween,,,,,,,,,,,,,,,,,,,,,,,,,,,,,,,,,,,,,,,,,,,,,,,,,,,,,,,,,,,,,,,,,,,,,,,,,,,,,,,,,,,,,,,,,,,,,,,,,Gamers Assembly 2021
2021-03-10 14:00,Ratchet,Panda,Pac,Novis,,,,,,,,,,,,,,,,,,,,,,,,,,,,,,,,,,,,,,,,,,,,,,,,,,,,,,,,,,,,,,,,,,,,,,,,,,,,,,,,,,,,,,,,,,,,,,,,,Gamers Assembly 2021
2021-03-10 14:00,Razer,Massa,Hugo220,Nodd,,,,,,,,,,,,,,,,,,,,,,,,,,,,,,,,,,,,,,,,,,,,,,,,,,,,,,,,,,,,,,,,,,,,,,,,,,,,,,,,,,,,,,,,,,,,,,,,,Gamers Assembly 2021
2021-03-10 15:00,Ratchet,Razer,Massa,Panda,,,,,,,,,,,,,,,,,,,,,,,,,,,,,,,,,,,,,,,,,,,,,,,,,,,,,,,,,,,,,,,,,,,,,,,,,,,,,,,,,,,,,,,,,,,,,,,,,Gamers Assembly 2021
2021-03-10 13:00,Pac,Nodd,Shockeur,Paddy,,,,,,,,,,,,,,,,,,,,,,,,,,,,,,,,,,,,,,,,,,,,,,,,,,,,,,,,,,,,,,,,,,,,,,,,,,,,,,,,,,,,,,,,,,,,,,,,,Gamers Assembly 2021
2021-03-10 13:00,Tween,Massa,Nevermind,Speedself,,,,,,,,,,,,,,,,,,,,,,,,,,,,,,,,,,,,,,,,,,,,,,,,,,,,,,,,,,,,,,,,,,,,,,,,,,,,,,,,,,,,,,,,,,,,,,,,,Gamers Assembly 2021
2021-03-10 13:00,Panda,MathiCs,Cap,Chateaudax,,,,,,,,,,,,,,,,,,,,,,,,,,,,,,,,,,,,,,,,,,,,,,,,,,,,,,,,,,,,,,,,,,,,,,,,,,,,,,,,,,,,,,,,,,,,,,,,,Gamers Assembly 2021
2021-03-10 13:00,Razer,Spam,Papou,Paynn,,,,,,,,,,,,,,,,,,,,,,,,,,,,,,,,,,,,,,,,,,,,,,,,,,,,,,,,,,,,,,,,,,,,,,,,,,,,,,,,,,,,,,,,,,,,,,,,,Gamers Assembly 2021
2021-03-10 14:00,Razer,Massa,Panda,Nodd,,,,,,,,,,,,,,,,,,,,,,,,,,,,,,,,,,,,,,,,,,,,,,,,,,,,,,,,,,,,,,,,,,,,,,,,,,,,,,,,,,,,,,,,,,,,,,,,,Gamers Assembly 2021
2021-03-10 14:00,Pac,Tween,Spam,MathiCs,,,,,,,,,,,,,,,,,,,,,,,,,,,,,,,,,,,,,,,,,,,,,,,,,,,,,,,,,,,,,,,,,,,,,,,,,,,,,,,,,,,,,,,,,,,,,,,,,Gamers Assembly 2021
2021-03-10 15:00,Pac,Razer,Tween,Massa,,,,,,,,,,,,,,,,,,,,,,,,,,,,,,,,,,,,,,,,,,,,,,,,,,,,,,,,,,,,,,,,,,,,,,,,,,,,,,,,,,,,,,,,,,,,,,,,,Gamers Assembly 2021
2021-03-10 20:00,Pac,Carl Jr.,Feed,Ratchet,,,,,,,,,,,,,,,,,,,,,,,,,,,,,,,,,,,,,,,,,,,,,,,,,,,,,,,,,,,,,,,,,,,,,,,,,,,,,,,,,,,,,,,,,,,,,,,,,Gamers Assembly 2021
2022-04-17 17:00,Tween,Panda,MattOuZ,Mawi,,,,,,,,,,,,,,,,,,,,,,,,,,,,,,,,,,,,,,,,,,,,,,,,,,,,,,,,,,,,,,,,,,,,,,,,,,,,,,,,,,,,,,,,,,,,,,,,,Gamers Assembly 2022 Tech
2022-04-17 17:00,Feed,Zycos,Complex,Shockeur,,,,,,,,,,,,,,,,,,,,,,,,,,,,,,,,,,,,,,,,,,,,,,,,,,,,,,,,,,,,,,,,,,,,,,,,,,,,,,,,,,,,,,,,,,,,,,,,,Gamers Assembly 2022 Tech
2022-04-17 18:00,Feed,Mawi,Zycos,MattOuZ,,,,,,,,,,,,,,,,,,,,,,,,,,,,,,,,,,,,,,,,,,,,,,,,,,,,,,,,,,,,,,,,,,,,,,,,,,,,,,,,,,,,,,,,,,,,,,,,,Gamers Assembly 2022 Tech
2022-04-17 19:00,Feed,Tween,Panda,Mawi,,,,,,,,,,,,,,,,,,,,,,,,,,,,,,,,,,,,,,,,,,,,,,,,,,,,,,,,,,,,,,,,,,,,,,,,,,,,,,,,,,,,,,,,,,,,,,,,,Gamers Assembly 2022 Tech
2021-11-06 13:00,Az0x,Cocow,Funay,Xetins,,,,,,,,,,,,,,,,,,,,,,,,,,,,,,,,,,,,,,,,,,,,,,,,,,,,,,,,,,,,,,,,,,,,,,,,,,,,,,,,,,,,,,,,,,,,,,,,,Gamers Assembly 2021 Halloween
2021-11-06 13:00,Buzy,Qyoko,Nicsoby,Koda,,,,,,,,,,,,,,,,,,,,,,,,,,,,,,,,,,,,,,,,,,,,,,,,,,,,,,,,,,,,,,,,,,,,,,,,,,,,,,,,,,,,,,,,,,,,,,,,,Gamers Assembly 2021 Halloween
2021-11-06 13:00,Sam,Tonk,nt3CFtrist,AnonymeEnte8,,,,,,,,,,,,,,,,,,,,,,,,,,,,,,,,,,,,,,,,,,,,,,,,,,,,,,,,,,,,,,,,,,,,,,,,,,,,,,,,,,,,,,,,,,,,,,,,,Gamers Assembly 2021 Halloween
2021-11-06 13:00,Neuro,Anige,Mokuura,huhen,,,,,,,,,,,,,,,,,,,,,,,,,,,,,,,,,,,,,,,,,,,,,,,,,,,,,,,,,,,,,,,,,,,,,,,,,,,,,,,,,,,,,,,,,,,,,,,,,Gamers Assembly 2021 Halloween
2021-11-06 14:00,Ratchet,Az0x,Tonk,TohTo,,,,,,,,,,,,,,,,,,,,,,,,,,,,,,,,,,,,,,,,,,,,,,,,,,,,,,,,,,,,,,,,,,,,,,,,,,,,,,,,,,,,,,,,,,,,,,,,,Gamers Assembly 2021 Halloween
2021-11-06 14:00,Barbos,Feed,Anige,samz,,,,,,,,,,,,,,,,,,,,,,,,,,,,,,,,,,,,,,,,,,,,,,,,,,,,,,,,,,,,,,,,,,,,,,,,,,,,,,,,,,,,,,,,,,,,,,,,,Gamers Assembly 2021 Halloween
2021-11-06 14:00,Magorian,Panda,Neuro,Qyoko,,,,,,,,,,,,,,,,,,,,,,,,,,,,,,,,,,,,,,,,,,,,,,,,,,,,,,,,,,,,,,,,,,,,,,,,,,,,,,,,,,,,,,,,,,,,,,,,,Gamers Assembly 2021 Halloween
2021-11-06 14:00,Tween,Cocow,Buzy,Sheinimi,,,,,,,,,,,,,,,,,,,,,,,,,,,,,,,,,,,,,,,,,,,,,,,,,,,,,,,,,,,,,,,,,,,,,,,,,,,,,,,,,,,,,,,,,,,,,,,,,Gamers Assembly 2021 Halloween
2021-11-06 15:00,Sheinimi,Sam,Funay,nt3CFtrist,,,,,,,,,,,,,,,,,,,,,,,,,,,,,,,,,,,,,,,,,,,,,,,,,,,,,,,,,,,,,,,,,,,,,,,,,,,,,,,,,,,,,,,,,,,,,,,,,Gamers Assembly 2021 Halloween
2021-11-06 15:00,TohTo,Qyoko,Mokuura,Nicsoby,,,,,,,,,,,,,,,,,,,,,,,,,,,,,,,,,,,,,,,,,,,,,,,,,,,,,,,,,,,,,,,,,,,,,,,,,,,,,,,,,,,,,,,,,,,,,,,,,Gamers Assembly 2021 Halloween
2021-11-06 15:00,Neuro,Tonk,Koda,huhen,,,,,,,,,,,,,,,,,,,,,,,,,,,,,,,,,,,,,,,,,,,,,,,,,,,,,,,,,,,,,,,,,,,,,,,,,,,,,,,,,,,,,,,,,,,,,,,,,Gamers Assembly 2021 Halloween
2021-11-06 15:00,Buzy,Anige,Xetins,AnonymeEnte8,,,,,,,,,,,,,,,,,,,,,,,,,,,,,,,,,,,,,,,,,,,,,,,,,,,,,,,,,,,,,,,,,,,,,,,,,,,,,,,,,,,,,,,,,,,,,,,,,Gamers Assembly 2021 Halloween
2021-11-06 16:00,Barbos,Ratchet,Panda,Cocow,,,,,,,,,,,,,,,,,,,,,,,,,,,,,,,,,,,,,,,,,,,,,,,,,,,,,,,,,,,,,,,,,,,,,,,,,,,,,,,,,,,,,,,,,,,,,,,,,Gamers Assembly 2021 Halloween
2021-11-06 16:00,Feed,Tween,Magorian,Az0x,,,,,,,,,,,,,,,,,,,,,,,,,,,,,,,,,,,,,,,,,,,,,,,,,,,,,,,,,,,,,,,,,,,,,,,,,,,,,,,,,,,,,,,,,,,,,,,,,Gamers Assembly 2021 Halloween
2021-11-06 16:00,Neuro,Sam,Qyoko,Buzy,,,,,,,,,,,,,,,,,,,,,,,,,,,,,,,,,,,,,,,,,,,,,,,,,,,,,,,,,,,,,,,,,,,,,,,,,,,,,,,,,,,,,,,,,,,,,,,,,Gamers Assembly 2021 Halloween
2021-11-06 16:00,Scheinimi,TohTo,Tonk,Anige,,,,,,,,,,,,,,,,,,,,,,,,,,,,,,,,,,,,,,,,,,,,,,,,,,,,,,,,,,,,,,,,,,,,,,,,,,,,,,,,,,,,,,,,,,,,,,,,,Gamers Assembly 2021 Halloween
2021-11-06 17:00,Panda,Az0x,TohTo,Neuro,,,,,,,,,,,,,,,,,,,,,,,,,,,,,,,,,,,,,,,,,,,,,,,,,,,,,,,,,,,,,,,,,,,,,,,,,,,,,,,,,,,,,,,,,,,,,,,,,Gamers Assembly 2021 Halloween
2021-11-06 17:00,Magorian,Cocow,Sheinimi,samz,,,,,,,,,,,,,,,,,,,,,,,,,,,,,,,,,,,,,,,,,,,,,,,,,,,,,,,,,,,,,,,,,,,,,,,,,,,,,,,,,,,,,,,,,,,,,,,,,Gamers Assembly 2021 Halloween
2021-11-06 18:00,Panda,Magorian,Sheinimi,TohTo,,,,,,,,,,,,,,,,,,,,,,,,,,,,,,,,,,,,,,,,,,,,,,,,,,,,,,,,,,,,,,,,,,,,,,,,,,,,,,,,,,,,,,,,,,,,,,,,,Gamers Assembly 2021 Halloween
2021-11-06 18:00,Barbos,tween,Feed,Ratchet,,,,,,,,,,,,,,,,,,,,,,,,,,,,,,,,,,,,,,,,,,,,,,,,,,,,,,,,,,,,,,,,,,,,,,,,,,,,,,,,,,,,,,,,,,,,,,,,,Gamers Assembly 2021 Halloween
2021-11-06 19:00,Feed,Ratchet,Magorian,Panda,,,,,,,,,,,,,,,,,,,,,,,,,,,,,,,,,,,,,,,,,,,,,,,,,,,,,,,,,,,,,,,,,,,,,,,,,,,,,,,,,,,,,,,,,,,,,,,,,Gamers Assembly 2021 Halloween
2021-11-06 20:00,Barbos,Tween,Feed,Ratchet,,,,,,,,,,,,,,,,,,,,,,,,,,,,,,,,,,,,,,,,,,,,,,,,,,,,,,,,,,,,,,,,,,,,,,,,,,,,,,,,,,,,,,,,,,,,,,,,,Gamers Assembly 2021 Halloween
2023-04-09 17:00,Wosile,Panda,Melioo,Glast,,,,,,,,,,,,,,,,,,,,,,,,,,,,,,,,,,,,,,,,,,,,,,,,,,,,,,,,,,,,,,,,,,,,,,,,,,,,,,,,,,,,,,,,,,,,,,,,,Gamers Assembly 2023 Mixed
2023-04-09 17:00,MattOuZ,Feed,Viinch,Mixmod,,,,,,,,,,,,,,,,,,,,,,,,,,,,,,,,,,,,,,,,,,,,,,,,,,,,,,,,,,,,,,,,,,,,,,,,,,,,,,,,,,,,,,,,,,,,,,,,,Gamers Assembly 2023 Mixed
2023-04-09 18:00,Glast,Melioo,MattOuZ,Feed,,,,,,,,,,,,,,,,,,,,,,,,,,,,,,,,,,,,,,,,,,,,,,,,,,,,,,,,,,,,,,,,,,,,,,,,,,,,,,,,,,,,,,,,,,,,,,,,,Gamers Assembly 2023 Mixed
2023-04-09 19:00,Wosile,Panda,Glast,Melioo,,,,,,,,,,,,,,,,,,,,,,,,,,,,,,,,,,,,,,,,,,,,,,,,,,,,,,,,,,,,,,,,,,,,,,,,,,,,,,,,,,,,,,,,,,,,,,,,,Gamers Assembly 2023 Mixed
2021-01-24 0:00,Carl Jr.,Spam,Tween,Aurel,Mudda,Scrapie,riolu,Kappa,Gwen,Pac,Affi,Papou,Link.FR,Bren,Massa,Evon,,,,,,,,,,,,,,,,,,,,,,,,,,,,,,,,,,,,,,,,,,,,,,,,,,,,,,,,,,,,,,,,,,,,,,,,,,,,,,,,,,,,,TMGL Winter 2021
2021-03-21 13:00,Pac,Carl Jr.,Mudda,Scrapie,Gwen,Papou,Affi,Aurel,Bren,,,,,,,,,,,,,,,,,,,,,,,,,,,,,,,,,,,,,,,,,,,,,,,,,,,,,,,,,,,,,,,,,,,,,,,,,,,,,,,,,,,,,,,,,,,,TMGL Winter 2021
2021-03-21 14:00,Pac,Carl Jr.,Mudda,Scrapie,Gwen,Papou,,,,,,,,,,,,,,,,,,,,,,,,,,,,,,,,,,,,,,,,,,,,,,,,,,,,,,,,,,,,,,,,,,,,,,,,,,,,,,,,,,,,,,,,,,,,,,,TMGL Winter 2022
2021-03-21 15:00,Carl Jr.,Pac,Scrapie,Mudda,,,,,,,,,,,,,,,,,,,,,,,,,,,,,,,,,,,,,,,,,,,,,,,,,,,,,,,,,,,,,,,,,,,,,,,,,,,,,,,,,,,,,,,,,,,,,,,,,TMGL Winter 2023
2021-03-21 16:00,Carl Jr.,Pac,,,,,,,,,,,,,,,,,,,,,,,,,,,,,,,,,,,,,,,,,,,,,,,,,,,,,,,,,,,,,,,,,,,,,,,,,,,,,,,,,,,,,,,,,,,,,,,,,,,TMGL Winter 2023
2022-07-01 13:00,Carl Jr.,Mime,GranaDy,Aurel,,,,,,,,,,,,,,,,,,,,,,,,,,,,,,,,,,,,,,,,,,,,,,,,,,,,,,,,,,,,,,,,,,,,,,,,,,,,,,,,,,,,,,,,,,,,,,,,,TMGL World Cup 2022
2022-07-01 13:00,Pac,Otaaaq,Bren,Papou,,,,,,,,,,,,,,,,,,,,,,,,,,,,,,,,,,,,,,,,,,,,,,,,,,,,,,,,,,,,,,,,,,,,,,,,,,,,,,,,,,,,,,,,,,,,,,,,,TMGL World Cup 2022
2022-07-01 13:00,Tween,Massa,Affi,Binkss,,,,,,,,,,,,,,,,,,,,,,,,,,,,,,,,,,,,,,,,,,,,,,,,,,,,,,,,,,,,,,,,,,,,,,,,,,,,,,,,,,,,,,,,,,,,,,,,,TMGL World Cup 2022
2022-07-01 13:00,Mudda,Gwen,MiQuatro,Kappa,,,,,,,,,,,,,,,,,,,,,,,,,,,,,,,,,,,,,,,,,,,,,,,,,,,,,,,,,,,,,,,,,,,,,,,,,,,,,,,,,,,,,,,,,,,,,,,,,TMGL World Cup 2022
2022-07-01 14:00,Carl Jr.,Binkss,Bren,MiQuatro,,,,,,,,,,,,,,,,,,,,,,,,,,,,,,,,,,,,,,,,,,,,,,,,,,,,,,,,,,,,,,,,,,,,,,,,,,,,,,,,,,,,,,,,,,,,,,,,,TMGL World Cup 2022
2022-07-01 14:00,Pac,Aurel,Tween,Kappa,,,,,,,,,,,,,,,,,,,,,,,,,,,,,,,,,,,,,,,,,,,,,,,,,,,,,,,,,,,,,,,,,,,,,,,,,,,,,,,,,,,,,,,,,,,,,,,,,TMGL World Cup 2022
2022-07-01 14:00,GranaDy,Otaaaq,Affi,Gwen,,,,,,,,,,,,,,,,,,,,,,,,,,,,,,,,,,,,,,,,,,,,,,,,,,,,,,,,,,,,,,,,,,,,,,,,,,,,,,,,,,,,,,,,,,,,,,,,,TMGL World Cup 2022
2022-07-01 14:00,Mime,Mudda,Massa,Papou,,,,,,,,,,,,,,,,,,,,,,,,,,,,,,,,,,,,,,,,,,,,,,,,,,,,,,,,,,,,,,,,,,,,,,,,,,,,,,,,,,,,,,,,,,,,,,,,,TMGL World Cup 2022
2022-07-01 15:00,Carl Jr.,Massa,Kappa,Otaaaq,,,,,,,,,,,,,,,,,,,,,,,,,,,,,,,,,,,,,,,,,,,,,,,,,,,,,,,,,,,,,,,,,,,,,,,,,,,,,,,,,,,,,,,,,,,,,,,,,TMGL World Cup 2022
2022-07-01 15:00,Mime,Pac,Gwen,Binkss,,,,,,,,,,,,,,,,,,,,,,,,,,,,,,,,,,,,,,,,,,,,,,,,,,,,,,,,,,,,,,,,,,,,,,,,,,,,,,,,,,,,,,,,,,,,,,,,,TMGL World Cup 2022
2022-07-01 15:00,Aurel,Affi,MiQuatro,Papou,,,,,,,,,,,,,,,,,,,,,,,,,,,,,,,,,,,,,,,,,,,,,,,,,,,,,,,,,,,,,,,,,,,,,,,,,,,,,,,,,,,,,,,,,,,,,,,,,TMGL World Cup 2022
2022-07-01 15:00,GranaDy,Bren,Tween,Mudda,,,,,,,,,,,,,,,,,,,,,,,,,,,,,,,,,,,,,,,,,,,,,,,,,,,,,,,,,,,,,,,,,,,,,,,,,,,,,,,,,,,,,,,,,,,,,,,,,TMGL World Cup 2022
2022-07-01 16:00,Carl Jr.,Tween,Papou,Gwen,,,,,,,,,,,,,,,,,,,,,,,,,,,,,,,,,,,,,,,,,,,,,,,,,,,,,,,,,,,,,,,,,,,,,,,,,,,,,,,,,,,,,,,,,,,,,,,,,TMGL World Cup 2022
2022-07-01 16:00,Pac,Massa,GranaDy,MiQuatro,,,,,,,,,,,,,,,,,,,,,,,,,,,,,,,,,,,,,,,,,,,,,,,,,,,,,,,,,,,,,,,,,,,,,,,,,,,,,,,,,,,,,,,,,,,,,,,,,TMGL World Cup 2022
2022-07-01 16:00,Mime,Affi,Kappa,Bren,,,,,,,,,,,,,,,,,,,,,,,,,,,,,,,,,,,,,,,,,,,,,,,,,,,,,,,,,,,,,,,,,,,,,,,,,,,,,,,,,,,,,,,,,,,,,,,,,TMGL World Cup 2022
2022-07-01 16:00,Otaaaq,Binkss,Mudda,Aurel,,,,,,,,,,,,,,,,,,,,,,,,,,,,,,,,,,,,,,,,,,,,,,,,,,,,,,,,,,,,,,,,,,,,,,,,,,,,,,,,,,,,,,,,,,,,,,,,,TMGL World Cup 2022
2022-07-01 17:00,Carl Jr.,Mudda,Gwen,Massa,,,,,,,,,,,,,,,,,,,,,,,,,,,,,,,,,,,,,,,,,,,,,,,,,,,,,,,,,,,,,,,,,,,,,,,,,,,,,,,,,,,,,,,,,,,,,,,,,TMGL World Cup 2022
2022-07-01 17:00,Pac,Kappa,Otaaaq,Aurel,,,,,,,,,,,,,,,,,,,,,,,,,,,,,,,,,,,,,,,,,,,,,,,,,,,,,,,,,,,,,,,,,,,,,,,,,,,,,,,,,,,,,,,,,,,,,,,,,TMGL World Cup 2022
2022-07-01 17:00,Mime,MiQuatro,Tween,Bren,,,,,,,,,,,,,,,,,,,,,,,,,,,,,,,,,,,,,,,,,,,,,,,,,,,,,,,,,,,,,,,,,,,,,,,,,,,,,,,,,,,,,,,,,,,,,,,,,TMGL World Cup 2022
2022-07-01 17:00,Affi,Binkss,GranaDy,Papou,,,,,,,,,,,,,,,,,,,,,,,,,,,,,,,,,,,,,,,,,,,,,,,,,,,,,,,,,,,,,,,,,,,,,,,,,,,,,,,,,,,,,,,,,,,,,,,,,TMGL World Cup 2022
2022-07-01 18:00,Carl Jr.,Bren,Otaaaq,Papou,,,,,,,,,,,,,,,,,,,,,,,,,,,,,,,,,,,,,,,,,,,,,,,,,,,,,,,,,,,,,,,,,,,,,,,,,,,,,,,,,,,,,,,,,,,,,,,,,TMGL World Cup 2022
2022-07-01 18:00,Pac,Massa,MiQuatro,Binkss,,,,,,,,,,,,,,,,,,,,,,,,,,,,,,,,,,,,,,,,,,,,,,,,,,,,,,,,,,,,,,,,,,,,,,,,,,,,,,,,,,,,,,,,,,,,,,,,,TMGL World Cup 2022
2022-07-01 18:00,Affi,Mudda,Mime,Kappa,,,,,,,,,,,,,,,,,,,,,,,,,,,,,,,,,,,,,,,,,,,,,,,,,,,,,,,,,,,,,,,,,,,,,,,,,,,,,,,,,,,,,,,,,,,,,,,,,TMGL World Cup 2022
2022-07-01 18:00,GranaDy,Gwen,Aurel,Tween,,,,,,,,,,,,,,,,,,,,,,,,,,,,,,,,,,,,,,,,,,,,,,,,,,,,,,,,,,,,,,,,,,,,,,,,,,,,,,,,,,,,,,,,,,,,,,,,,TMGL World Cup 2022
2022-07-01 19:00,Carl Jr.,Binkss,Kappa,Tween,,,,,,,,,,,,,,,,,,,,,,,,,,,,,,,,,,,,,,,,,,,,,,,,,,,,,,,,,,,,,,,,,,,,,,,,,,,,,,,,,,,,,,,,,,,,,,,,,TMGL World Cup 2022
2022-07-01 19:00,Pac,Affi,Bren,Gwen,,,,,,,,,,,,,,,,,,,,,,,,,,,,,,,,,,,,,,,,,,,,,,,,,,,,,,,,,,,,,,,,,,,,,,,,,,,,,,,,,,,,,,,,,,,,,,,,,TMGL World Cup 2022
2022-07-01 19:00,Papou,Mime,Aurel,Massa,,,,,,,,,,,,,,,,,,,,,,,,,,,,,,,,,,,,,,,,,,,,,,,,,,,,,,,,,,,,,,,,,,,,,,,,,,,,,,,,,,,,,,,,,,,,,,,,,TMGL World Cup 2022
2022-07-01 19:00,Mudda,Otaaaq,GranaDy,MiQuatro,,,,,,,,,,,,,,,,,,,,,,,,,,,,,,,,,,,,,,,,,,,,,,,,,,,,,,,,,,,,,,,,,,,,,,,,,,,,,,,,,,,,,,,,,,,,,,,,,TMGL World Cup 2022
2022-07-01 20:00,Carl Jr.,Affi,MiQuatro,Aurel,,,,,,,,,,,,,,,,,,,,,,,,,,,,,,,,,,,,,,,,,,,,,,,,,,,,,,,,,,,,,,,,,,,,,,,,,,,,,,,,,,,,,,,,,,,,,,,,,TMGL World Cup 2022
2022-07-01 20:00,Mudda,Pac,Papou,Tween,,,,,,,,,,,,,,,,,,,,,,,,,,,,,,,,,,,,,,,,,,,,,,,,,,,,,,,,,,,,,,,,,,,,,,,,,,,,,,,,,,,,,,,,,,,,,,,,,TMGL World Cup 2022
2022-07-01 20:00,Mime,Otaaaq,Binkss,Gwen,,,,,,,,,,,,,,,,,,,,,,,,,,,,,,,,,,,,,,,,,,,,,,,,,,,,,,,,,,,,,,,,,,,,,,,,,,,,,,,,,,,,,,,,,,,,,,,,,TMGL World Cup 2022
2022-07-01 20:00,Massa,Kappa,GranaDy,Bren,,,,,,,,,,,,,,,,,,,,,,,,,,,,,,,,,,,,,,,,,,,,,,,,,,,,,,,,,,,,,,,,,,,,,,,,,,,,,,,,,,,,,,,,,,,,,,,,,TMGL World Cup 2022
2022-07-03 13:00,Pac,Mime,GranaDy,Otaaaq,,,,,,,,,,,,,,,,,,,,,,,,,,,,,,,,,,,,,,,,,,,,,,,,,,,,,,,,,,,,,,,,,,,,,,,,,,,,,,,,,,,,,,,,,,,,,,,,,TMGL World Cup 2022
2022-07-03 13:00,Carl Jr.,Mudda,Affi,Massa,,,,,,,,,,,,,,,,,,,,,,,,,,,,,,,,,,,,,,,,,,,,,,,,,,,,,,,,,,,,,,,,,,,,,,,,,,,,,,,,,,,,,,,,,,,,,,,,,TMGL World Cup 2022
2022-07-03 14:00,Carl Jr.,Mime,Mudda,Otaaaq,,,,,,,,,,,,,,,,,,,,,,,,,,,,,,,,,,,,,,,,,,,,,,,,,,,,,,,,,,,,,,,,,,,,,,,,,,,,,,,,,,,,,,,,,,,,,,,,,TMGL World Cup 2022
2022-06-11 13:00,GranaDy,Meen,Gulldiz,Ynos,,,,,,,,,,,,,,,,,,,,,,,,,,,,,,,,,,,,,,,,,,,,,,,,,,,,,,,,,,,,,,,,,,,,,,,,,,,,,,,,,,,,,,,,,,,,,,,,,TMGL World Cup Open 2022
2022-06-11 13:00,Evon,Cocow,Nicsoby,Tommy,,,,,,,,,,,,,,,,,,,,,,,,,,,,,,,,,,,,,,,,,,,,,,,,,,,,,,,,,,,,,,,,,,,,,,,,,,,,,,,,,,,,,,,,,,,,,,,,,TMGL World Cup Open 2022
2022-06-11 13:00,Soulja,Whizzy,Tomledieu,Thyyder,,,,,,,,,,,,,,,,,,,,,,,,,,,,,,,,,,,,,,,,,,,,,,,,,,,,,,,,,,,,,,,,,,,,,,,,,,,,,,,,,,,,,,,,,,,,,,,,,TMGL World Cup Open 2022
2022-06-11 13:00,MiQuatro,Stufts,Sheinimi,Raphafou03,,,,,,,,,,,,,,,,,,,,,,,,,,,,,,,,,,,,,,,,,,,,,,,,,,,,,,,,,,,,,,,,,,,,,,,,,,,,,,,,,,,,,,,,,,,,,,,,,TMGL World Cup Open 2022
2022-06-11 13:00,Kappa,crackous,Nayko,Requain,,,,,,,,,,,,,,,,,,,,,,,,,,,,,,,,,,,,,,,,,,,,,,,,,,,,,,,,,,,,,,,,,,,,,,,,,,,,,,,,,,,,,,,,,,,,,,,,,TMGL World Cup Open 2022
2022-06-11 13:00,Ener,Heav,Henkan,Wolff,,,,,,,,,,,,,,,,,,,,,,,,,,,,,,,,,,,,,,,,,,,,,,,,,,,,,,,,,,,,,,,,,,,,,,,,,,,,,,,,,,,,,,,,,,,,,,,,,TMGL World Cup Open 2022
2022-06-11 13:00,Mime,Speedself,H0rnet,P3kingente,,,,,,,,,,,,,,,,,,,,,,,,,,,,,,,,,,,,,,,,,,,,,,,,,,,,,,,,,,,,,,,,,,,,,,,,,,,,,,,,,,,,,,,,,,,,,,,,,TMGL World Cup Open 2022
2022-06-11 13:00,Razii,Arthaniir,Leam,BMQS,,,,,,,,,,,,,,,,,,,,,,,,,,,,,,,,,,,,,,,,,,,,,,,,,,,,,,,,,,,,,,,,,,,,,,,,,,,,,,,,,,,,,,,,,,,,,,,,,TMGL World Cup Open 2022
2022-06-11 13:00,Papou,Micka,Auris,DanikB,,,,,,,,,,,,,,,,,,,,,,,,,,,,,,,,,,,,,,,,,,,,,,,,,,,,,,,,,,,,,,,,,,,,,,,,,,,,,,,,,,,,,,,,,,,,,,,,,TMGL World Cup Open 2022
2022-06-11 13:00,Feed,Sam,Vanity,AppenZ,,,,,,,,,,,,,,,,,,,,,,,,,,,,,,,,,,,,,,,,,,,,,,,,,,,,,,,,,,,,,,,,,,,,,,,,,,,,,,,,,,,,,,,,,,,,,,,,,TMGL World Cup Open 2022
2022-06-11 13:00,Tween,Kozo,Sympthome,Fontur,,,,,,,,,,,,,,,,,,,,,,,,,,,,,,,,,,,,,,,,,,,,,,,,,,,,,,,,,,,,,,,,,,,,,,,,,,,,,,,,,,,,,,,,,,,,,,,,,TMGL World Cup Open 2022
2022-06-11 13:00,Panda,Dark_62,Tim_mit_o_lol,dipper2,,,,,,,,,,,,,,,,,,,,,,,,,,,,,,,,,,,,,,,,,,,,,,,,,,,,,,,,,,,,,,,,,,,,,,,,,,,,,,,,,,,,,,,,,,,,,,,,,TMGL World Cup Open 2022
2022-06-11 13:00,Binkss,NRGZ,Hisoris,WhiteWix,,,,,,,,,,,,,,,,,,,,,,,,,,,,,,,,,,,,,,,,,,,,,,,,,,,,,,,,,,,,,,,,,,,,,,,,,,,,,,,,,,,,,,,,,,,,,,,,,TMGL World Cup Open 2022
2022-06-11 13:00,SuperCarouf,TheDarkWix,Niko,lukario,,,,,,,,,,,,,,,,,,,,,,,,,,,,,,,,,,,,,,,,,,,,,,,,,,,,,,,,,,,,,,,,,,,,,,,,,,,,,,,,,,,,,,,,,,,,,,,,,TMGL World Cup Open 2022
2022-06-11 13:00,Otaaaq,Labaffue,ygreczaid,Kaspa,,,,,,,,,,,,,,,,,,,,,,,,,,,,,,,,,,,,,,,,,,,,,,,,,,,,,,,,,,,,,,,,,,,,,,,,,,,,,,,,,,,,,,,,,,,,,,,,,TMGL World Cup Open 2022
2022-06-11 13:00,Link.FR,Thomas Jean,Viinch,Crunsche,,,,,,,,,,,,,,,,,,,,,,,,,,,,,,,,,,,,,,,,,,,,,,,,,,,,,,,,,,,,,,,,,,,,,,,,,,,,,,,,,,,,,,,,,,,,,,,,,TMGL World Cup Open 2022
2022-06-11 14:00,GranaDy,Evon,Thomas Jean,Labaffue,,,,,,,,,,,,,,,,,,,,,,,,,,,,,,,,,,,,,,,,,,,,,,,,,,,,,,,,,,,,,,,,,,,,,,,,,,,,,,,,,,,,,,,,,,,,,,,,,TMGL World Cup Open 2022
2022-06-11 14:00,MiQuatro,Soulja,TheDarkWix,NRGZ,,,,,,,,,,,,,,,,,,,,,,,,,,,,,,,,,,,,,,,,,,,,,,,,,,,,,,,,,,,,,,,,,,,,,,,,,,,,,,,,,,,,,,,,,,,,,,,,,TMGL World Cup Open 2022
2022-06-11 14:00,Kappa,Ener,Kozo,Dark_62,,,,,,,,,,,,,,,,,,,,,,,,,,,,,,,,,,,,,,,,,,,,,,,,,,,,,,,,,,,,,,,,,,,,,,,,,,,,,,,,,,,,,,,,,,,,,,,,,TMGL World Cup Open 2022
2022-06-11 14:00,Mime,Razii,Sam,Micka,,,,,,,,,,,,,,,,,,,,,,,,,,,,,,,,,,,,,,,,,,,,,,,,,,,,,,,,,,,,,,,,,,,,,,,,,,,,,,,,,,,,,,,,,,,,,,,,,TMGL World Cup Open 2022
2022-06-11 14:00,Papou,Arthaniir,Feed,Speedself,,,,,,,,,,,,,,,,,,,,,,,,,,,,,,,,,,,,,,,,,,,,,,,,,,,,,,,,,,,,,,,,,,,,,,,,,,,,,,,,,,,,,,,,,,,,,,,,,TMGL World Cup Open 2022
2022-06-11 14:00,Tween,Panda,Heav,crackous,,,,,,,,,,,,,,,,,,,,,,,,,,,,,,,,,,,,,,,,,,,,,,,,,,,,,,,,,,,,,,,,,,,,,,,,,,,,,,,,,,,,,,,,,,,,,,,,,TMGL World Cup Open 2022
2022-06-11 14:00,Binkss,SuperCarlouf,Whizzy,Stufts,,,,,,,,,,,,,,,,,,,,,,,,,,,,,,,,,,,,,,,,,,,,,,,,,,,,,,,,,,,,,,,,,,,,,,,,,,,,,,,,,,,,,,,,,,,,,,,,,TMGL World Cup Open 2022
2022-06-11 14:00,Otaaaq,Link.FR,Cocow,Meen,,,,,,,,,,,,,,,,,,,,,,,,,,,,,,,,,,,,,,,,,,,,,,,,,,,,,,,,,,,,,,,,,,,,,,,,,,,,,,,,,,,,,,,,,,,,,,,,,TMGL World Cup Open 2022
2022-06-11 15:00,GranaDy,MiQuatro,SuperCarlouf,Link.FR,,,,,,,,,,,,,,,,,,,,,,,,,,,,,,,,,,,,,,,,,,,,,,,,,,,,,,,,,,,,,,,,,,,,,,,,,,,,,,,,,,,,,,,,,,,,,,,,,TMGL World Cup Open 2022
2022-06-11 15:00,Mime,Kappa,Panda,Arthaniir,,,,,,,,,,,,,,,,,,,,,,,,,,,,,,,,,,,,,,,,,,,,,,,,,,,,,,,,,,,,,,,,,,,,,,,,,,,,,,,,,,,,,,,,,,,,,,,,,TMGL World Cup Open 2022
2022-06-11 15:00,Papou,Tween,Ener,Razii,,,,,,,,,,,,,,,,,,,,,,,,,,,,,,,,,,,,,,,,,,,,,,,,,,,,,,,,,,,,,,,,,,,,,,,,,,,,,,,,,,,,,,,,,,,,,,,,,TMGL World Cup Open 2022
2022-06-11 15:00,Otaaaq,Binkss,Soulja,Evon,,,,,,,,,,,,,,,,,,,,,,,,,,,,,,,,,,,,,,,,,,,,,,,,,,,,,,,,,,,,,,,,,,,,,,,,,,,,,,,,,,,,,,,,,,,,,,,,,TMGL World Cup Open 2022
2021-05-29 13:00,Kappa,Evon,Cap,Haedra,,,,,,,,,,,,,,,,,,,,,,,,,,,,,,,,,,,,,,,,,,,,,,,,,,,,,,,,,,,,,,,,,,,,,,,,,,,,,,,,,,,,,,,,,,,,,,,,,TMGL World Cup Open 2021
2021-05-29 13:00,Mudda,Scrapie,Bren,Mime,,,,,,,,,,,,,,,,,,,,,,,,,,,,,,,,,,,,,,,,,,,,,,,,,,,,,,,,,,,,,,,,,,,,,,,,,,,,,,,,,,,,,,,,,,,,,,,,,TMGL World Cup Open 2021
2021-05-29 13:00,Binkss,MiQuatro,Otaaaq,Ener,,,,,,,,,,,,,,,,,,,,,,,,,,,,,,,,,,,,,,,,,,,,,,,,,,,,,,,,,,,,,,,,,,,,,,,,,,,,,,,,,,,,,,,,,,,,,,,,,TMGL World Cup Open 2021
2021-05-29 13:00,Dofault,Soulja,Link.FR,SuperCarlouf,,,,,,,,,,,,,,,,,,,,,,,,,,,,,,,,,,,,,,,,,,,,,,,,,,,,,,,,,,,,,,,,,,,,,,,,,,,,,,,,,,,,,,,,,,,,,,,,,TMGL World Cup Open 2021
2021-07-04 13:00,Carl Jr.,Pac,Kappa,Papou,Aurel,Scrapie,Massa,Affi,Evon,Spam,Binkss,Mudda,Soulja,Gwen,MiQuatro,Dofault,,,,,,,,,,,,,,,,,,,,,,,,,,,,,,,,,,,,,,,,,,,,,,,,,,,,,,,,,,,,,,,,,,,,,,,,,,,,,,,,,,,,,TMGL World Cup 2021
2021-07-04 14:00,Carl Jr.,Affi,Papou,Aurel,,,,,,,,,,,,,,,,,,,,,,,,,,,,,,,,,,,,,,,,,,,,,,,,,,,,,,,,,,,,,,,,,,,,,,,,,,,,,,,,,,,,,,,,,,,,,,,,,TMGL World Cup 2021
2021-07-04 14:00,Pac,Kappa,Massa,Scrapie,,,,,,,,,,,,,,,,,,,,,,,,,,,,,,,,,,,,,,,,,,,,,,,,,,,,,,,,,,,,,,,,,,,,,,,,,,,,,,,,,,,,,,,,,,,,,,,,,TMGL World Cup 2021
2021-07-04 15:00,Carl Jr.,Pac,Kappa,Affi,,,,,,,,,,,,,,,,,,,,,,,,,,,,,,,,,,,,,,,,,,,,,,,,,,,,,,,,,,,,,,,,,,,,,,,,,,,,,,,,,,,,,,,,,,,,,,,,,TMGL World Cup 2021
2022-03-06 13:00,Soulja,Ener,Link.FR,Razii,Dark,MiQuatro,Haedra,Wosile,SkandeaR,Evon,Sapi,Snow,TheDarkWix,Dofault,Micka,Tween,,,,,,,,,,,,,,,,,,,,,,,,,,,,,,,,,,,,,,,,,,,,,,,,,,,,,,,,,,,,,,,,,,,,,,,,,,,,,,,,,,,,,TMCL Spring 2022
2022-03-13 0:00,Wosile,Soulja,SkandeaR,Link.FR,Evon,MiQuatro,Ener,Sapi,Razii,Snow,Haedra,Dofault,Dark,Micka,Tween,TheDarkWix,,,,,,,,,,,,,,,,,,,,,,,,,,,,,,,,,,,,,,,,,,,,,,,,,,,,,,,,,,,,,,,,,,,,,,,,,,,,,,,,,,,,,TMCL Spring 2022
2022-03-20 0:00,Wosile,MiQuatro,Micka,Evon,SkandeaR,Soulja,Dark,Razii,Link.FR,Ener,Snow,Tween,TheDarkWix,Haedra,Dofault,Sapi,,,,,,,,,,,,,,,,,,,,,,,,,,,,,,,,,,,,,,,,,,,,,,,,,,,,,,,,,,,,,,,,,,,,,,,,,,,,,,,,,,,,,TMCL Spring 2022
2022-03-27 0:00,Soulja,Link.FR,MiQuatro,Ener,Tween,Evon,SkandeaR,Snow,Razii,TheDarkWix,Wosile,Haedra,Dark,Micka,Dofault,Sapi,,,,,,,,,,,,,,,,,,,,,,,,,,,,,,,,,,,,,,,,,,,,,,,,,,,,,,,,,,,,,,,,,,,,,,,,,,,,,,,,,,,,,TMCL Spring 2022
2022-03-27 0:00,MiQuatro,Wosile,Soulja,Link.FR,TheDarkWix,Razii,Haedra,SkandeaR,Tween,Ener,Evon,Micka,Dark,Dofault,Sapi,,,,,,,,,,,,,,,,,,,,,,,,,,,,,,,,,,,,,,,,,,,,,,,,,,,,,,,,,,,,,,,,,,,,,,,,,,,,,,,,,,,,,,TMCL Spring 2022
2022-04-10 0:00,Soulja,Snow,Wosile,Razii,SkandeaR,Link.FR,Ener,MiQuatro,Micka,Evon,Tween,Sapi,Haedra,Dark,TheDarkWix,,,,,,,,,,,,,,,,,,,,,,,,,,,,,,,,,,,,,,,,,,,,,,,,,,,,,,,,,,,,,,,,,,,,,,,,,,,,,,,,,,,,,,TMCL Spring 2022
2022-04-17 0:00,Soulja,MiQuatro,Wosile,Link.FR,,,,,,,,,,,,,,,,,,,,,,,,,,,,,,,,,,,,,,,,,,,,,,,,,,,,,,,,,,,,,,,,,,,,,,,,,,,,,,,,,,,,,,,,,,,,,,,,,TMCL Spring 2022
2022-05-08 0:00,Tween,Elconn,Sam,Evon,Jean-Rene,TheDarkWix,Vulnerra,,,,,,,,,,,,,,,,,,,,,,,,,,,,,,,,,,,,,,,,,,,,,,,,,,,,,,,,,,,,,,,,,,,,,,,,,,,,,,,,,,,,,,,,,,,,,,TMCL Relegation 2022
2022-04-16 13:00,Panda,Ratchet,crosshairs,Elconn,Sam,Barbos,Vulnerra,Jean-Rene,Whizzy,Cocow,Feed,Melioo,Acide,MimoJr.,Dionysos,7ven,,,,,,,,,,,,,,,,,,,,,,,,,,,,,,,,,,,,,,,,,,,,,,,,,,,,,,,,,,,,,,,,,,,,,,,,,,,,,,,,,,,,,TMCL Spring Open 2022
2022-04-16 14:00,Ratchet,Barbos,Panda,crosshairs,Elconn,Vulnerra,Sam,Jean-Rene,,,,,,,,,,,,,,,,,,,,,,,,,,,,,,,,,,,,,,,,,,,,,,,,,,,,,,,,,,,,,,,,,,,,,,,,,,,,,,,,,,,,,,,,,,,,,TMCL Spring Open 2022
2022-02-19 13:00,Ener,MiQuatro,Soulja,Haedra,SkandeaR,Micka,Sapi,Link.FR,Razii,Evon,Dark,Tween,,,,,,,,,,,,,,,,,,,,,,,,,,,,,,,,,,,,,,,,,,,,,,,,,,,,,,,,,,,,,,,,,,,,,,,,,,,,,,,,,,,,,,,,,TMCL Spring 2022 Seeding
2022-02-20 18:00,Carl Jr.,Papou,Mime,Bren,Scrapie,Kappa,Affi,GranaDy,Mudda,Binkss,Spam,Massa,Otaaaq,Pac,Aurel,Gwen,,,,,,,,,,,,,,,,,,,,,,,,,,,,,,,,,,,,,,,,,,,,,,,,,,,,,,,,,,,,,,,,,,,,,,,,,,,,,,,,,,,,,TMGL Spring 2022 Seeding
2022-03-06 0:00,Massa,Bren,Papou,GranaDy,Mime,Carl Jr.,Affi,Aurel,Mudda,Binkss,Scrapie,Gwen,Spam,Kappa,Otaaaq,Pac,,,,,,,,,,,,,,,,,,,,,,,,,,,,,,,,,,,,,,,,,,,,,,,,,,,,,,,,,,,,,,,,,,,,,,,,,,,,,,,,,,,,,TMGL Spring 2022
2022-03-13 0:00,Mudda,Aurel,Bren,Papou,Carl Jr.,GranaDy,Mime,Otaaaq,Pac,Scrapie,Massa,Gwen,Binkss,Affi,Spam,Kappa,,,,,,,,,,,,,,,,,,,,,,,,,,,,,,,,,,,,,,,,,,,,,,,,,,,,,,,,,,,,,,,,,,,,,,,,,,,,,,,,,,,,,TMGL Spring 2022
2022-03-20 0:00,Mime,Kappa,GranaDy,Carl Jr.,Aurel,Mudda,Gwen,Affi,Bren,Binkss,Papou,Otaaaq,Massa,Scrapie,Spam,Pac,,,,,,,,,,,,,,,,,,,,,,,,,,,,,,,,,,,,,,,,,,,,,,,,,,,,,,,,,,,,,,,,,,,,,,,,,,,,,,,,,,,,,TMGL Spring 2022
2022-03-27 0:00,Carl Jr.,Otaaaq,Mime,Kappa,Mudda,Pac,Aurel,Bren,Binkss,Papou,Affi,Massa,Spam,Scrapie,Gwen,GranaDy,,,,,,,,,,,,,,,,,,,,,,,,,,,,,,,,,,,,,,,,,,,,,,,,,,,,,,,,,,,,,,,,,,,,,,,,,,,,,,,,,,,,,TMGL Spring 2022
2022-04-10 0:00,Pac,Mudda,Affi,Carl Jr.,Bren,Mime,Kappa,Otaaaq,Binkss,Scrapie,GranaDy,Gwen,Papou,Massa,Spam,Aurel,,,,,,,,,,,,,,,,,,,,,,,,,,,,,,,,,,,,,,,,,,,,,,,,,,,,,,,,,,,,,,,,,,,,,,,,,,,,,,,,,,,,,TMGL Spring 2022
2022-04-10 0:00,Mudda,Affi,Bren,Papou,Carl Jr.,Massa,Pac,Gwen,Binkss,GranaDy,Otaaaq,Mime,Scrapie,Kappa,Aurel,Spam,,,,,,,,,,,,,,,,,,,,,,,,,,,,,,,,,,,,,,,,,,,,,,,,,,,,,,,,,,,,,,,,,,,,,,,,,,,,,,,,,,,,,TMGL Spring 2022
2022-04-17 13:00,Massa,GranaDy,,,,,,,,,,,,,,,,,,,,,,,,,,,,,,,,,,,,,,,,,,,,,,,,,,,,,,,,,,,,,,,,,,,,,,,,,,,,,,,,,,,,,,,,,,,,,,,,,,,TMGL Spring Final Chance 2022
2022-04-17 13:00,Otaaaq,Papou,,,,,,,,,,,,,,,,,,,,,,,,,,,,,,,,,,,,,,,,,,,,,,,,,,,,,,,,,,,,,,,,,,,,,,,,,,,,,,,,,,,,,,,,,,,,,,,,,,,TMGL Spring Final Chance 2022
2022-04-17 14:00,Massa,Otaaaq,,,,,,,,,,,,,,,,,,,,,,,,,,,,,,,,,,,,,,,,,,,,,,,,,,,,,,,,,,,,,,,,,,,,,,,,,,,,,,,,,,,,,,,,,,,,,,,,,,,TMGL Spring Final Chance 2022
2022-05-08 13:00,Wosile,Binkss,,,,,,,,,,,,,,,,,,,,,,,,,,,,,,,,,,,,,,,,,,,,,,,,,,,,,,,,,,,,,,,,,,,,,,,,,,,,,,,,,,,,,,,,,,,,,,,,,,,TMGL Relegation 2022
2022-05-08 13:00,MiQuatro,Scrapie,,,,,,,,,,,,,,,,,,,,,,,,,,,,,,,,,,,,,,,,,,,,,,,,,,,,,,,,,,,,,,,,,,,,,,,,,,,,,,,,,,,,,,,,,,,,,,,,,,,TMGL Relegation 2023
2022-05-08 14:00,Gwen,Scrapie,,,,,,,,,,,,,,,,,,,,,,,,,,,,,,,,,,,,,,,,,,,,,,,,,,,,,,,,,,,,,,,,,,,,,,,,,,,,,,,,,,,,,,,,,,,,,,,,,,,TMGL Relegation 2024
2022-05-08 14:00,Binkss,Link.FR,,,,,,,,,,,,,,,,,,,,,,,,,,,,,,,,,,,,,,,,,,,,,,,,,,,,,,,,,,,,,,,,,,,,,,,,,,,,,,,,,,,,,,,,,,,,,,,,,,,TMGL Relegation 2025
2022-05-08 15:00,Gwen,Binkss,,,,,,,,,,,,,,,,,,,,,,,,,,,,,,,,,,,,,,,,,,,,,,,,,,,,,,,,,,,,,,,,,,,,,,,,,,,,,,,,,,,,,,,,,,,,,,,,,,,TMGL Relegation 2026
2022-04-24 13:00,Mime,Mudda,Pac,Kappa,Bren,Carl Jr.,Aurel,Massa,Affi,,,,,,,,,,,,,,,,,,,,,,,,,,,,,,,,,,,,,,,,,,,,,,,,,,,,,,,,,,,,,,,,,,,,,,,,,,,,,,,,,,,,,,,,,,,,TMGL Spring 2022
2022-04-24 14:00,Carl Jr.,Pac,Mudda,Bren,Mime,Kappa,,,,,,,,,,,,,,,,,,,,,,,,,,,,,,,,,,,,,,,,,,,,,,,,,,,,,,,,,,,,,,,,,,,,,,,,,,,,,,,,,,,,,,,,,,,,,,,TMGL Spring 2022
2022-04-24 15:00,Mudda,Carl Jr.,Pac,Bren,,,,,,,,,,,,,,,,,,,,,,,,,,,,,,,,,,,,,,,,,,,,,,,,,,,,,,,,,,,,,,,,,,,,,,,,,,,,,,,,,,,,,,,,,,,,,,,,,TMGL Spring 2022
2022-04-24 16:00,Mudda,Carl Jr.,,,,,,,,,,,,,,,,,,,,,,,,,,,,,,,,,,,,,,,,,,,,,,,,,,,,,,,,,,,,,,,,,,,,,,,,,,,,,,,,,,,,,,,,,,,,,,,,,,,TMGL Spring 2022
2021-10-17 0:00,Mime,Otaaaq,Link.FR,Cap,Evon,MiQuatro,Haedra,Wosile,Soulja,Mixotica,Snow,Razii,NRGZ,Dofault,Phegley,Revolution,,,,,,,,,,,,,,,,,,,,,,,,,,,,,,,,,,,,,,,,,,,,,,,,,,,,,,,,,,,,,,,,,,,,,,,,,,,,,,,,,,,,,TMCL Fall 2021
2021-10-24 0:00,Mime,Haedra,Evon,Razii,MiQuatro,Wosile,Phegley,Otaaaq,Cap,NRGZ,Dofault,Snow,Soulja,Nixotica,Link.FR,Revolution,,,,,,,,,,,,,,,,,,,,,,,,,,,,,,,,,,,,,,,,,,,,,,,,,,,,,,,,,,,,,,,,,,,,,,,,,,,,,,,,,,,,,TMCL Fall 2021
2021-10-31 0:00,Otaaaq,Cap,MiQuatro,Soulja,Mime,Snow,Dofault,Razii,NRGZ,Wosile,Nixotica,Haedra,Link.FR,Evon,Revolution,Phegley,,,,,,,,,,,,,,,,,,,,,,,,,,,,,,,,,,,,,,,,,,,,,,,,,,,,,,,,,,,,,,,,,,,,,,,,,,,,,,,,,,,,,TMCL Fall 2021
2021-11-07 0:00,NRGZ,Mime,Wosile,Evon,Otaaaq,Razii,Haedra,Link.FR,Nixotica,Dofault,Cap,Soulja,MiQuatro,Snow,Revolution,Phegley,,,,,,,,,,,,,,,,,,,,,,,,,,,,,,,,,,,,,,,,,,,,,,,,,,,,,,,,,,,,,,,,,,,,,,,,,,,,,,,,,,,,,TMCL Fall 2021
2021-10-17 0:00,Aurel,GranaDy,Affi,Mudda,Carl Jr.,Binkss,Papou,Pac,Bren,Spam,Massa,Kappa,Gwen,Worker,Scrapie,Tween,,,,,,,,,,,,,,,,,,,,,,,,,,,,,,,,,,,,,,,,,,,,,,,,,,,,,,,,,,,,,,,,,,,,,,,,,,,,,,,,,,,,,TMGL Fall 2021
2021-10-24 0:00,Affi,GranaDy,Bren,Papou,Scrapie,Binkss,Mudda,Pac,Massa,Carl Jr.,Gwen,Kappa,Spam,Aurel,Tween,Worker,,,,,,,,,,,,,,,,,,,,,,,,,,,,,,,,,,,,,,,,,,,,,,,,,,,,,,,,,,,,,,,,,,,,,,,,,,,,,,,,,,,,,TMGL Fall 2021
2021-10-31 0:00,Massa,Scrapie,GranaDy,Binkss,Papou,Carl Jr.,Worker,Bren,Pac,Mudda,Spam,Affi,Aurel,Tween,Gwen,Kappa,,,,,,,,,,,,,,,,,,,,,,,,,,,,,,,,,,,,,,,,,,,,,,,,,,,,,,,,,,,,,,,,,,,,,,,,,,,,,,,,,,,,,TMGL Fall 2021
2021-11-07 0:00,Gwen,Pac,Aurel,Mudda,Affi,Massa,Scrapie,Bren,GranaDy,Kappa,Spam,Carl Jr.,Tween,Papou,Worker,Binkss,,,,,,,,,,,,,,,,,,,,,,,,,,,,,,,,,,,,,,,,,,,,,,,,,,,,,,,,,,,,,,,,,,,,,,,,,,,,,,,,,,,,,TMGL Fall 2021
2021-11-14 0:00,Binkss,Gwen,Pac,Papou,Tween,GranaDy,Mudda,Carl Jr.,Massa,Kappa,Bren,Affi,Spam,Scrapie,Aurel,Worker,,,,,,,,,,,,,,,,,,,,,,,,,,,,,,,,,,,,,,,,,,,,,,,,,,,,,,,,,,,,,,,,,,,,,,,,,,,,,,,,,,,,,TMGL Fall 2021
2021-11-21 0:00,Binkss,Carl Jr.,Pac,Papou,Affi,Aurel,Bren,Spam,Massa,GranaDy,Gwen,Mudda,Worker,Tween,Kappa,Scrapie,,,,,,,,,,,,,,,,,,,,,,,,,,,,,,,,,,,,,,,,,,,,,,,,,,,,,,,,,,,,,,,,,,,,,,,,,,,,,,,,,,,,,TMGL Fall 2021
2021-11-28 0:00,Mudda,GranaDy,Affi,Scrapie,Bren,Carl Jr.,Papou,Tween,Gwen,Aurel,Spam,Massa,Pac,Binkss,Kappa,Worker,,,,,,,,,,,,,,,,,,,,,,,,,,,,,,,,,,,,,,,,,,,,,,,,,,,,,,,,,,,,,,,,,,,,,,,,,,,,,,,,,,,,,TMGL Fall 2021
2021-12-05 0:00,Gwen,Spam,Mudda,Affi,Massa,GranaDy,Scrapie,Bren,Pac,Kappa,Aurel,Papou,Binkss,Worker,Tween,,,,,,,,,,,,,,,,,,,,,,,,,,,,,,,,,,,,,,,,,,,,,,,,,,,,,,,,,,,,,,,,,,,,,,,,,,,,,,,,,,,,,,TMGL Fall 2021
2021-12-12 0:00,Binkss,Bren,Spam,Tween,Papou,Kappa,Worker,,,,,,,,,,,,,,,,,,,,,,,,,,,,,,,,,,,,,,,,,,,,,,,,,,,,,,,,,,,,,,,,,,,,,,,,,,,,,,,,,,,,,,,,,,,,,,TMGL Fall Final Chance 2021
2021-12-19 13:00,Gwen,Affi,Pac,Mudda,Scrapie,Aurel,GranaDy,Binkss,Massa,,,,,,,,,,,,,,,,,,,,,,,,,,,,,,,,,,,,,,,,,,,,,,,,,,,,,,,,,,,,,,,,,,,,,,,,,,,,,,,,,,,,,,,,,,,,TMGL Fall 2021
2021-12-19 14:00,Affi,Gwen,Pac,Scrapie,Mudda,Aurel,,,,,,,,,,,,,,,,,,,,,,,,,,,,,,,,,,,,,,,,,,,,,,,,,,,,,,,,,,,,,,,,,,,,,,,,,,,,,,,,,,,,,,,,,,,,,,,TMGL Fall 2021
2021-12-19 15:00,Affi,Pac,Gwen,Scrapie,,,,,,,,,,,,,,,,,,,,,,,,,,,,,,,,,,,,,,,,,,,,,,,,,,,,,,,,,,,,,,,,,,,,,,,,,,,,,,,,,,,,,,,,,,,,,,,,,TMGL Fall 2021
2021-12-19 16:00,Pac,Affi,,,,,,,,,,,,,,,,,,,,,,,,,,,,,,,,,,,,,,,,,,,,,,,,,,,,,,,,,,,,,,,,,,,,,,,,,,,,,,,,,,,,,,,,,,,,,,,,,,,TMGL Fall 2021
2022-08-13 13:00,Carl Jr.,Bren,NRGZ,MiQuatro,,,,,,,,,,,,,,,,,,,,,,,,,,,,,,,,,,,,,,,,,,,,,,,,,,,,,,,,,,,,,,,,,,,,,,,,,,,,,,,,,,,,,,,,,,,,,,,,,Arctic Gaming 2022
2022-08-13 13:00,Pac,Massa,Ener,Razii,,,,,,,,,,,,,,,,,,,,,,,,,,,,,,,,,,,,,,,,,,,,,,,,,,,,,,,,,,,,,,,,,,,,,,,,,,,,,,,,,,,,,,,,,,,,,,,,,Arctic Gaming 2022
2022-08-13 13:00,Binkss,Spam,Affi,Kappa,,,,,,,,,,,,,,,,,,,,,,,,,,,,,,,,,,,,,,,,,,,,,,,,,,,,,,,,,,,,,,,,,,,,,,,,,,,,,,,,,,,,,,,,,,,,,,,,,Arctic Gaming 2022
2022-08-13 13:00,Tween,Cocow,Deska,Snow,,,,,,,,,,,,,,,,,,,,,,,,,,,,,,,,,,,,,,,,,,,,,,,,,,,,,,,,,,,,,,,,,,,,,,,,,,,,,,,,,,,,,,,,,,,,,,,,,Arctic Gaming 2022
2022-08-13 14:00,Carl Jr.,Affi,Massa,Snow,,,,,,,,,,,,,,,,,,,,,,,,,,,,,,,,,,,,,,,,,,,,,,,,,,,,,,,,,,,,,,,,,,,,,,,,,,,,,,,,,,,,,,,,,,,,,,,,,Arctic Gaming 2022
2022-08-13 14:00,Bren,Pac,Deska,Spam,,,,,,,,,,,,,,,,,,,,,,,,,,,,,,,,,,,,,,,,,,,,,,,,,,,,,,,,,,,,,,,,,,,,,,,,,,,,,,,,,,,,,,,,,,,,,,,,,Arctic Gaming 2022
2022-08-13 14:00,Cocow,Binkss,MiQuatro,Ener,,,,,,,,,,,,,,,,,,,,,,,,,,,,,,,,,,,,,,,,,,,,,,,,,,,,,,,,,,,,,,,,,,,,,,,,,,,,,,,,,,,,,,,,,,,,,,,,,Arctic Gaming 2022
2022-08-13 14:00,Tween,Kappa,NRGZ,Razii,,,,,,,,,,,,,,,,,,,,,,,,,,,,,,,,,,,,,,,,,,,,,,,,,,,,,,,,,,,,,,,,,,,,,,,,,,,,,,,,,,,,,,,,,,,,,,,,,Arctic Gaming 2022
2022-08-13 15:00,Carl Jr.,Ener,Deska,Kappa,,,,,,,,,,,,,,,,,,,,,,,,,,,,,,,,,,,,,,,,,,,,,,,,,,,,,,,,,,,,,,,,,,,,,,,,,,,,,,,,,,,,,,,,,,,,,,,,,Arctic Gaming 2022
2022-08-13 15:00,Pac,Affi,Cocow,NRGZ,,,,,,,,,,,,,,,,,,,,,,,,,,,,,,,,,,,,,,,,,,,,,,,,,,,,,,,,,,,,,,,,,,,,,,,,,,,,,,,,,,,,,,,,,,,,,,,,,Arctic Gaming 2022
2022-08-13 15:00,Bren,Binkss,Snow,Razii,,,,,,,,,,,,,,,,,,,,,,,,,,,,,,,,,,,,,,,,,,,,,,,,,,,,,,,,,,,,,,,,,,,,,,,,,,,,,,,,,,,,,,,,,,,,,,,,,Arctic Gaming 2022
2022-08-13 15:00,Tween,MiQuatro,Massa,Spam,,,,,,,,,,,,,,,,,,,,,,,,,,,,,,,,,,,,,,,,,,,,,,,,,,,,,,,,,,,,,,,,,,,,,,,,,,,,,,,,,,,,,,,,,,,,,,,,,Arctic Gaming 2022
2022-08-13 16:00,Carl Jr.,Spam,Cocow,Razii,,,,,,,,,,,,,,,,,,,,,,,,,,,,,,,,,,,,,,,,,,,,,,,,,,,,,,,,,,,,,,,,,,,,,,,,,,,,,,,,,,,,,,,,,,,,,,,,,Arctic Gaming 2022
2022-08-13 16:00,Kappa,Pac,MiQuatro,Snow,,,,,,,,,,,,,,,,,,,,,,,,,,,,,,,,,,,,,,,,,,,,,,,,,,,,,,,,,,,,,,,,,,,,,,,,,,,,,,,,,,,,,,,,,,,,,,,,,Arctic Gaming 2022
2022-08-13 16:00,Binkss,Massa,Deska,NRGZ,,,,,,,,,,,,,,,,,,,,,,,,,,,,,,,,,,,,,,,,,,,,,,,,,,,,,,,,,,,,,,,,,,,,,,,,,,,,,,,,,,,,,,,,,,,,,,,,,Arctic Gaming 2022
2022-08-13 16:00,Tween,Bren,Ener,Affi,,,,,,,,,,,,,,,,,,,,,,,,,,,,,,,,,,,,,,,,,,,,,,,,,,,,,,,,,,,,,,,,,,,,,,,,,,,,,,,,,,,,,,,,,,,,,,,,,Arctic Gaming 2022
2022-08-14 13:00,Binkss,Carl Jr.,Bren,Kappa,,,,,,,,,,,,,,,,,,,,,,,,,,,,,,,,,,,,,,,,,,,,,,,,,,,,,,,,,,,,,,,,,,,,,,,,,,,,,,,,,,,,,,,,,,,,,,,,,Arctic Gaming 2022
2022-08-14 14:00,Tween,Pac,Massa,Cocow,,,,,,,,,,,,,,,,,,,,,,,,,,,,,,,,,,,,,,,,,,,,,,,,,,,,,,,,,,,,,,,,,,,,,,,,,,,,,,,,,,,,,,,,,,,,,,,,,Arctic Gaming 2022
2022-08-14 15:00,Pac,Binkss,Carl Jr.,Tween,,,,,,,,,,,,,,,,,,,,,,,,,,,,,,,,,,,,,,,,,,,,,,,,,,,,,,,,,,,,,,,,,,,,,,,,,,,,,,,,,,,,,,,,,,,,,,,,,Arctic Gaming 2022
2022-07-24 13:00,Binkss,DanikB,Heathcliff,Ultar1on,,,,,,,,,,,,,,,,,,,,,,,,,,,,,,,,,,,,,,,,,,,,,,,,,,,,,,,,,,,,,,,,,,,,,,,,,,,,,,,,,,,,,,,,,,,,,,,,,Arctic Gaming 2023
2022-07-24 13:00,Deska,Sam,Voyager006,Stoic,,,,,,,,,,,,,,,,,,,,,,,,,,,,,,,,,,,,,,,,,,,,,,,,,,,,,,,,,,,,,,,,,,,,,,,,,,,,,,,,,,,,,,,,,,,,,,,,,Arctic Gaming 2024
2022-07-24 13:00,Ener,Nicsoby,ggfrom_mongolia,,,,,,,,,,,,,,,,,,,,,,,,,,,,,,,,,,,,,,,,,,,,,,,,,,,,,,,,,,,,,,,,,,,,,,,,,,,,,,,,,,,,,,,,,,,,,,,,,,Arctic Gaming 2025
2022-07-24 13:00,Cocow,Gulldiz,Walegen,PurpleLele,,,,,,,,,,,,,,,,,,,,,,,,,,,,,,,,,,,,,,,,,,,,,,,,,,,,,,,,,,,,,,,,,,,,,,,,,,,,,,,,,,,,,,,,,,,,,,,,,Arctic Gaming 2026
2022-07-24 13:00,Tween,Nayko,Anticort,LeMauw,,,,,,,,,,,,,,,,,,,,,,,,,,,,,,,,,,,,,,,,,,,,,,,,,,,,,,,,,,,,,,,,,,,,,,,,,,,,,,,,,,,,,,,,,,,,,,,,,Arctic Gaming 2027
2022-07-24 13:00,Snow,NRGZ,alexS,Mmolow,,,,,,,,,,,,,,,,,,,,,,,,,,,,,,,,,,,,,,,,,,,,,,,,,,,,,,,,,,,,,,,,,,,,,,,,,,,,,,,,,,,,,,,,,,,,,,,,,Arctic Gaming 2028
2022-07-24 13:00,MiQuatro,Auris,gibbonster0,,,,,,,,,,,,,,,,,,,,,,,,,,,,,,,,,,,,,,,,,,,,,,,,,,,,,,,,,,,,,,,,,,,,,,,,,,,,,,,,,,,,,,,,,,,,,,,,,,Arctic Gaming 2029
2022-07-24 13:00,Razii,Evon,Henkan,,,,,,,,,,,,,,,,,,,,,,,,,,,,,,,,,,,,,,,,,,,,,,,,,,,,,,,,,,,,,,,,,,,,,,,,,,,,,,,,,,,,,,,,,,,,,,,,,,Arctic Gaming 2030
2022-07-24 14:00,Binkss,Deska,Nayko,Gulldiz,,,,,,,,,,,,,,,,,,,,,,,,,,,,,,,,,,,,,,,,,,,,,,,,,,,,,,,,,,,,,,,,,,,,,,,,,,,,,,,,,,,,,,,,,,,,,,,,,Arctic Gaming 2031
2022-07-24 14:00,Ener,Cocow,Sam,Auris,,,,,,,,,,,,,,,,,,,,,,,,,,,,,,,,,,,,,,,,,,,,,,,,,,,,,,,,,,,,,,,,,,,,,,,,,,,,,,,,,,,,,,,,,,,,,,,,,Arctic Gaming 2032
2022-07-24 14:00,Tween,Snow,Evon,DanikB,,,,,,,,,,,,,,,,,,,,,,,,,,,,,,,,,,,,,,,,,,,,,,,,,,,,,,,,,,,,,,,,,,,,,,,,,,,,,,,,,,,,,,,,,,,,,,,,,Arctic Gaming 2033
2022-07-24 14:00,MiQuatro,Razii,NRGZ,Nicsoby,,,,,,,,,,,,,,,,,,,,,,,,,,,,,,,,,,,,,,,,,,,,,,,,,,,,,,,,,,,,,,,,,,,,,,,,,,,,,,,,,,,,,,,,,,,,,,,,,Arctic Gaming 2034
2022-07-24 15:00,NRGZ,Nayko,Auris,,,,,,,,,,,,,,,,,,,,,,,,,,,,,,,,,,,,,,,,,,,,,,,,,,,,,,,,,,,,,,,,,,,,,,,,,,,,,,,,,,,,,,,,,,,,,,,,,,Arctic Gaming 2035
2022-06-18 13:00,Binkss,Snow,Evon,Deska,Melioo,Cyatophilum,Arthaniir,Marius89,,,,,,,,,,,,,,,,,,,,,,,,,,,,,,,,,,,,,,,,,,,,,,,,,,,,,,,,,,,,,,,,,,,,,,,,,,,,,,,,,,,,,,,,,,,,,Eswap Cup 2022
2022-06-18 13:00,Kerber0s,Elconn,Wosile,Kozo,Chibbo,Worker,Maxtrak,Xetins,,,,,,,,,,,,,,,,,,,,,,,,,,,,,,,,,,,,,,,,,,,,,,,,,,,,,,,,,,,,,,,,,,,,,,,,,,,,,,,,,,,,,,,,,,,,,Eswap Cup 2022
2022-06-18 13:00,Richie,7ven,Shockeur,Roquete,Loupphok,Mixmod,Nicsoby,Auris,,,,,,,,,,,,,,,,,,,,,,,,,,,,,,,,,,,,,,,,,,,,,,,,,,,,,,,,,,,,,,,,,,,,,,,,,,,,,,,,,,,,,,,,,,,,,Eswap Cup 2022
2022-06-18 13:00,Acide,Sheinimi,Omega,Feed,Aynyx,Rocky,Sly,samz,,,,,,,,,,,,,,,,,,,,,,,,,,,,,,,,,,,,,,,,,,,,,,,,,,,,,,,,,,,,,,,,,,,,,,,,,,,,,,,,,,,,,,,,,,,,,Eswap Cup 2022
2022-06-19 13:00,Elconn,Binkss,Shockeur,Feed,,,,,,,,,,,,,,,,,,,,,,,,,,,,,,,,,,,,,,,,,,,,,,,,,,,,,,,,,,,,,,,,,,,,,,,,,,,,,,,,,,,,,,,,,,,,,,,,,Eswap Cup 2022
2022-06-19 13:00,Kerber0s,Deska,7ven,Omega,,,,,,,,,,,,,,,,,,,,,,,,,,,,,,,,,,,,,,,,,,,,,,,,,,,,,,,,,,,,,,,,,,,,,,,,,,,,,,,,,,,,,,,,,,,,,,,,,Eswap Cup 2022
2022-06-19 13:00,Evon,Sheinimi,Richie,Kozo,,,,,,,,,,,,,,,,,,,,,,,,,,,,,,,,,,,,,,,,,,,,,,,,,,,,,,,,,,,,,,,,,,,,,,,,,,,,,,,,,,,,,,,,,,,,,,,,,Eswap Cup 2022
2022-06-19 13:00,Acide,Wosile,Snow,Roquete,,,,,,,,,,,,,,,,,,,,,,,,,,,,,,,,,,,,,,,,,,,,,,,,,,,,,,,,,,,,,,,,,,,,,,,,,,,,,,,,,,,,,,,,,,,,,,,,,Eswap Cup 2022
2022-06-19 14:00,Elconn,Wosile,Evon,Deska,,,,,,,,,,,,,,,,,,,,,,,,,,,,,,,,,,,,,,,,,,,,,,,,,,,,,,,,,,,,,,,,,,,,,,,,,,,,,,,,,,,,,,,,,,,,,,,,,Eswap Cup 2022
2022-06-19 14:00,Kerber0s,Binkss,Acide,Sheinimi,,,,,,,,,,,,,,,,,,,,,,,,,,,,,,,,,,,,,,,,,,,,,,,,,,,,,,,,,,,,,,,,,,,,,,,,,,,,,,,,,,,,,,,,,,,,,,,,,Eswap Cup 2022
2022-06-19 15:00,Binkss,Wosile,Kerber0s,Elconn,,,,,,,,,,,,,,,,,,,,,,,,,,,,,,,,,,,,,,,,,,,,,,,,,,,,,,,,,,,,,,,,,,,,,,,,,,,,,,,,,,,,,,,,,,,,,,,,,Eswap Cup 2022
2023-03-26 13:00,Kerber0s,bozbez,Tommy,Broly,,,,,,,,,,,,,,,,,,,,,,,,,,,,,,,,,,,,,,,,,,,,,,,,,,,,,,,,,,,,,,,,,,,,,,,,,,,,,,,,,,,,,,,,,,,,,,,,,Eswap Cup 2023
2023-03-26 13:00,Elconn,Gwen,Nayko,Siqaa,,,,,,,,,,,,,,,,,,,,,,,,,,,,,,,,,,,,,,,,,,,,,,,,,,,,,,,,,,,,,,,,,,,,,,,,,,,,,,,,,,,,,,,,,,,,,,,,,Eswap Cup 2023
2023-03-26 13:00,Evon,Richie,Wawa,ryuhax,,,,,,,,,,,,,,,,,,,,,,,,,,,,,,,,,,,,,,,,,,,,,,,,,,,,,,,,,,,,,,,,,,,,,,,,,,,,,,,,,,,,,,,,,,,,,,,,,Eswap Cup 2023
2023-03-26 13:00,Hugo220,eddie,Carl Jr.,Louzzix,,,,,,,,,,,,,,,,,,,,,,,,,,,,,,,,,,,,,,,,,,,,,,,,,,,,,,,,,,,,,,,,,,,,,,,,,,,,,,,,,,,,,,,,,,,,,,,,,Eswap Cup 2023
2023-03-26 14:00,Kerber0s,Gwen,Evon,eddie,,,,,,,,,,,,,,,,,,,,,,,,,,,,,,,,,,,,,,,,,,,,,,,,,,,,,,,,,,,,,,,,,,,,,,,,,,,,,,,,,,,,,,,,,,,,,,,,,Eswap Cup 2023
2023-03-26 14:00,Elconn,Richie,Hugo220,bozbez,,,,,,,,,,,,,,,,,,,,,,,,,,,,,,,,,,,,,,,,,,,,,,,,,,,,,,,,,,,,,,,,,,,,,,,,,,,,,,,,,,,,,,,,,,,,,,,,,Eswap Cup 2023
2023-03-26 15:00,Kerber0s,Elconn,Gwen,Richie,,,,,,,,,,,,,,,,,,,,,,,,,,,,,,,,,,,,,,,,,,,,,,,,,,,,,,,,,,,,,,,,,,,,,,,,,,,,,,,,,,,,,,,,,,,,,,,,,Eswap Cup 2023
2023-03-25 13:00,Kerber0s,Carl Jr.,eddie,Siqaa,JohanClan,Broly,Bestie77,Cfil777,Anige,Marius89,MrRick,Mokuura,Heine,Lowbobito,Dark_62,Phoenyks,,,,,,,,,,,,,,,,,,,,,,,,,,,,,,,,,,,,,,,,,,,,,,,,,,,,,,,,,,,,,,,,,,,,,,,,,,,,,,,,,,,,,Eswap Cup 2023
2023-03-25 13:00,Gwen,Evon,Tommy,Hyll,L1ngo,APPNZ,Stirque,Speedself,ItsYann,Liffey,Cyatophilum,Detyx,Twist0,Dydy,generalium,Sirapt,,,,,,,,,,,,,,,,,,,,,,,,,,,,,,,,,,,,,,,,,,,,,,,,,,,,,,,,,,,,,,,,,,,,,,,,,,,,,,,,,,,,,Eswap Cup 2023
2023-03-25 13:00,TORUSS,ryuhax,Geps,Ikewolf,Nayko,Yekcosdo,Louzzix,Rocky,Vanity,Henkan,Veydiz,lulub,Astranovae,R0STAK,Ruth,Redemption,,,,,,,,,,,,,,,,,,,,,,,,,,,,,,,,,,,,,,,,,,,,,,,,,,,,,,,,,,,,,,,,,,,,,,,,,,,,,,,,,,,,,Eswap Cup 2023
2023-03-25 13:00,Hugo220,Elconn,Richie,bozbez,Dionysos,Wawa,Sky,Dam Pouleto,Mime,Epos,SkandeaR,SirTalyon,jesuisvitesse,Skorenoxx,monstergsxr,Quibz,,,,,,,,,,,,,,,,,,,,,,,,,,,,,,,,,,,,,,,,,,,,,,,,,,,,,,,,,,,,,,,,,,,,,,,,,,,,,,,,,,,,,Eswap Cup 2023
2023-03-25 14:00,Kerber0s,Elconn,Wawa,Louzzix,Hyll,Geps,Speedself,JohanClan,,,,,,,,,,,,,,,,,,,,,,,,,,,,,,,,,,,,,,,,,,,,,,,,,,,,,,,,,,,,,,,,,,,,,,,,,,,,,,,,,,,,,,,,,,,,,Eswap Cup 2023
2023-03-25 14:00,Gwen,Richie,Carl Jr.,L1ngo,Broly,Ikewolf,Rocky,Sky,,,,,,,,,,,,,,,,,,,,,,,,,,,,,,,,,,,,,,,,,,,,,,,,,,,,,,,,,,,,,,,,,,,,,,,,,,,,,,,,,,,,,,,,,,,,,Eswap Cup 2023
2023-03-25 14:00,Evon,eddie,bozbez,Nayko,Bestie77,Dam Pouleto,APPNZ,TORUSS,,,,,,,,,,,,,,,,,,,,,,,,,,,,,,,,,,,,,,,,,,,,,,,,,,,,,,,,,,,,,,,,,,,,,,,,,,,,,,,,,,,,,,,,,,,,,Eswap Cup 2023
2023-03-25 14:00,Hugo220,Tommy,Siqaa,ryuhax,Stirque,Cfil777,Dionysos,Yekcosdo,,,,,,,,,,,,,,,,,,,,,,,,,,,,,,,,,,,,,,,,,,,,,,,,,,,,,,,,,,,,,,,,,,,,,,,,,,,,,,,,,,,,,,,,,,,,,Eswap Cup 2023
2023-02-25 13:00,Stufts,Spam,RealRoyboi,Paardenvechter,,,,,,,,,,,,,,,,,,,,,,,,,,,,,,,,,,,,,,,,,,,,,,,,,,,,,,,,,,,,,,,,,,,,,,,,,,,,,,,,,,,,,,,,,,,,,,,,,Gammax 2
2023-02-25 14:00,Jussy,Vixxa,Jan van Speijk,Jan,,,,,,,,,,,,,,,,,,,,,,,,,,,,,,,,,,,,,,,,,,,,,,,,,,,,,,,,,,,,,,,,,,,,,,,,,,,,,,,,,,,,,,,,,,,,,,,,,Gammax 3
2023-02-25 15:00,Jussy,Vixxa,Paardenvechter,RealRoyboi,,,,,,,,,,,,,,,,,,,,,,,,,,,,,,,,,,,,,,,,,,,,,,,,,,,,,,,,,,,,,,,,,,,,,,,,,,,,,,,,,,,,,,,,,,,,,,,,,Gammax 4
2023-02-25 16:00,Spam,Stufts,Vixxa,Jussy,,,,,,,,,,,,,,,,,,,,,,,,,,,,,,,,,,,,,,,,,,,,,,,,,,,,,,,,,,,,,,,,,,,,,,,,,,,,,,,,,,,,,,,,,,,,,,,,,Gammax 5
2023-07-30 13:00,Epos,Spam,RealRoyboi,,,,,,,,,,,,,,,,,,,,,,,,,,,,,,,,,,,,,,,,,,,,,,,,,,,,,,,,,,,,,,,,,,,,,,,,,,,,,,,,,,,,,,,,,,,,,,,,,,Racers Summit 2023
2023-07-30 13:00,Panda,Speedself,helpunk,,,,,,,,,,,,,,,,,,,,,,,,,,,,,,,,,,,,,,,,,,,,,,,,,,,,,,,,,,,,,,,,,,,,,,,,,,,,,,,,,,,,,,,,,,,,,,,,,,Racers Summit 2023
2023-07-30 13:00,Stufts,Acrose,Hand,,,,,,,,,,,,,,,,,,,,,,,,,,,,,,,,,,,,,,,,,,,,,,,,,,,,,,,,,,,,,,,,,,,,,,,,,,,,,,,,,,,,,,,,,,,,,,,,,,Racers Summit 2023
2023-07-30 13:00,Complex,Lumar,DvinJo,,,,,,,,,,,,,,,,,,,,,,,,,,,,,,,,,,,,,,,,,,,,,,,,,,,,,,,,,,,,,,,,,,,,,,,,,,,,,,,,,,,,,,,,,,,,,,,,,,Racers Summit 2023
2023-07-30 13:00,Massa,bozbez,Javzo,,,,,,,,,,,,,,,,,,,,,,,,,,,,,,,,,,,,,,,,,,,,,,,,,,,,,,,,,,,,,,,,,,,,,,,,,,,,,,,,,,,,,,,,,,,,,,,,,,Racers Summit 2023
2023-07-30 13:00,Ender,Javas,Idoless,,,,,,,,,,,,,,,,,,,,,,,,,,,,,,,,,,,,,,,,,,,,,,,,,,,,,,,,,,,,,,,,,,,,,,,,,,,,,,,,,,,,,,,,,,,,,,,,,,Racers Summit 2023
2023-07-30 13:00,GranaDy,Jussy,edif2008,,,,,,,,,,,,,,,,,,,,,,,,,,,,,,,,,,,,,,,,,,,,,,,,,,,,,,,,,,,,,,,,,,,,,,,,,,,,,,,,,,,,,,,,,,,,,,,,,,Racers Summit 2023
2023-07-30 13:00,Mime,Jan,Xephyr,,,,,,,,,,,,,,,,,,,,,,,,,,,,,,,,,,,,,,,,,,,,,,,,,,,,,,,,,,,,,,,,,,,,,,,,,,,,,,,,,,,,,,,,,,,,,,,,,,Racers Summit 2023
2023-07-30 14:00,Epos,Massa,Lumar,Jan,,,,,,,,,,,,,,,,,,,,,,,,,,,,,,,,,,,,,,,,,,,,,,,,,,,,,,,,,,,,,,,,,,,,,,,,,,,,,,,,,,,,,,,,,,,,,,,,,Racers Summit 2023
2023-07-30 14:00,Panda,bozbez,Ender,Spam,,,,,,,,,,,,,,,,,,,,,,,,,,,,,,,,,,,,,,,,,,,,,,,,,,,,,,,,,,,,,,,,,,,,,,,,,,,,,,,,,,,,,,,,,,,,,,,,,Racers Summit 2023
2023-07-30 14:00,Stufts,GranaDy,Javas,Speedself,,,,,,,,,,,,,,,,,,,,,,,,,,,,,,,,,,,,,,,,,,,,,,,,,,,,,,,,,,,,,,,,,,,,,,,,,,,,,,,,,,,,,,,,,,,,,,,,,Racers Summit 2023
2023-07-30 14:00,Complex,Mime,Jussy,Acrose,,,,,,,,,,,,,,,,,,,,,,,,,,,,,,,,,,,,,,,,,,,,,,,,,,,,,,,,,,,,,,,,,,,,,,,,,,,,,,,,,,,,,,,,,,,,,,,,,Racers Summit 2023
2023-07-30 15:00,Jussy,Lumar,Hand,Idoless,,,,,,,,,,,,,,,,,,,,,,,,,,,,,,,,,,,,,,,,,,,,,,,,,,,,,,,,,,,,,,,,,,,,,,,,,,,,,,,,,,,,,,,,,,,,,,,,,Racers Summit 2023
2023-07-30 15:00,Jan,Ender,DvinJo,edif2008,,,,,,,,,,,,,,,,,,,,,,,,,,,,,,,,,,,,,,,,,,,,,,,,,,,,,,,,,,,,,,,,,,,,,,,,,,,,,,,,,,,,,,,,,,,,,,,,,Racers Summit 2023
2023-07-30 15:00,Spam,Javas,RealRoyboi,xephyr,,,,,,,,,,,,,,,,,,,,,,,,,,,,,,,,,,,,,,,,,,,,,,,,,,,,,,,,,,,,,,,,,,,,,,,,,,,,,,,,,,,,,,,,,,,,,,,,,Racers Summit 2023
2023-07-30 15:00,Acrose,Speedself,Javzo,helpunk,,,,,,,,,,,,,,,,,,,,,,,,,,,,,,,,,,,,,,,,,,,,,,,,,,,,,,,,,,,,,,,,,,,,,,,,,,,,,,,,,,,,,,,,,,,,,,,,,Racers Summit 2023
2023-07-30 16:00,Epos,GranaDy,Complex,bozbez,,,,,,,,,,,,,,,,,,,,,,,,,,,,,,,,,,,,,,,,,,,,,,,,,,,,,,,,,,,,,,,,,,,,,,,,,,,,,,,,,,,,,,,,,,,,,,,,,Racers Summit 2023
2023-07-30 16:00,Panda,Mime,Massa,Stufts,,,,,,,,,,,,,,,,,,,,,,,,,,,,,,,,,,,,,,,,,,,,,,,,,,,,,,,,,,,,,,,,,,,,,,,,,,,,,,,,,,,,,,,,,,,,,,,,,Racers Summit 2023
2023-07-30 17:00,Ender,Acrose,Javas,Jussy,,,,,,,,,,,,,,,,,,,,,,,,,,,,,,,,,,,,,,,,,,,,,,,,,,,,,,,,,,,,,,,,,,,,,,,,,,,,,,,,,,,,,,,,,,,,,,,,,Racers Summit 2023
2023-07-30 17:00,Spam,Lumar,Jan van Speijk,Speedself,,,,,,,,,,,,,,,,,,,,,,,,,,,,,,,,,,,,,,,,,,,,,,,,,,,,,,,,,,,,,,,,,,,,,,,,,,,,,,,,,,,,,,,,,,,,,,,,,Racers Summit 2023
2023-07-30 18:00,Stufts,Complex,Ender,Lumar,,,,,,,,,,,,,,,,,,,,,,,,,,,,,,,,,,,,,,,,,,,,,,,,,,,,,,,,,,,,,,,,,,,,,,,,,,,,,,,,,,,,,,,,,,,,,,,,,Racers Summit 2023
2023-07-30 18:00,Massa,bozbez,Spam,Acrose,,,,,,,,,,,,,,,,,,,,,,,,,,,,,,,,,,,,,,,,,,,,,,,,,,,,,,,,,,,,,,,,,,,,,,,,,,,,,,,,,,,,,,,,,,,,,,,,,Racers Summit 2023
2023-07-30 19:00,Epos,Panda,GranaDy,Mime,,,,,,,,,,,,,,,,,,,,,,,,,,,,,,,,,,,,,,,,,,,,,,,,,,,,,,,,,,,,,,,,,,,,,,,,,,,,,,,,,,,,,,,,,,,,,,,,,Racers Summit 2023
2023-07-30 20:00,Stufts,Massa,bozbez,Complex,,,,,,,,,,,,,,,,,,,,,,,,,,,,,,,,,,,,,,,,,,,,,,,,,,,,,,,,,,,,,,,,,,,,,,,,,,,,,,,,,,,,,,,,,,,,,,,,,Racers Summit 2023
2023-07-30 21:00,Stufts,Massa,GranaDy,Mime,,,,,,,,,,,,,,,,,,,,,,,,,,,,,,,,,,,,,,,,,,,,,,,,,,,,,,,,,,,,,,,,,,,,,,,,,,,,,,,,,,,,,,,,,,,,,,,,,Racers Summit 2023
2023-07-30 22:00,Epos,Stufts,Panda,Massa,,,,,,,,,,,,,,,,,,,,,,,,,,,,,,,,,,,,,,,,,,,,,,,,,,,,,,,,,,,,,,,,,,,,,,,,,,,,,,,,,,,,,,,,,,,,,,,,,Racers Summit 2023
2023-01-21 0:00,Affi,Mime,Elconn,Aurel,,,,,,,,,,,,,,,,,,,,,,,,,,,,,,,,,,,,,,,,,,,,,,,,,,,,,,,,,,,,,,,,,,,,,,,,,,,,,,,,,,,,,,,,,,,,,,,,,TMWT Stage 1 2023
2023-01-21 0:00,Mudda,Soulja,Gwen,Binkss,,,,,,,,,,,,,,,,,,,,,,,,,,,,,,,,,,,,,,,,,,,,,,,,,,,,,,,,,,,,,,,,,,,,,,,,,,,,,,,,,,,,,,,,,,,,,,,,,TMWT Stage 1 2023
2023-01-21 0:00,Bren,Kappa,Otaaaq,Tween,,,,,,,,,,,,,,,,,,,,,,,,,,,,,,,,,,,,,,,,,,,,,,,,,,,,,,,,,,,,,,,,,,,,,,,,,,,,,,,,,,,,,,,,,,,,,,,,,TMWT Stage 1 2023
2023-01-21 0:00,Pac,Carl Jr.,Massa,GranaDy,,,,,,,,,,,,,,,,,,,,,,,,,,,,,,,,,,,,,,,,,,,,,,,,,,,,,,,,,,,,,,,,,,,,,,,,,,,,,,,,,,,,,,,,,,,,,,,,,TMWT Stage 1 2023
2023-01-22 0:00,Mime,Elconn,Mudda,Soulja,,,,,,,,,,,,,,,,,,,,,,,,,,,,,,,,,,,,,,,,,,,,,,,,,,,,,,,,,,,,,,,,,,,,,,,,,,,,,,,,,,,,,,,,,,,,,,,,,TMWT Stage 1 2023
2023-01-22 0:00,Affi,Pac,Aurel,Carl Jr.,,,,,,,,,,,,,,,,,,,,,,,,,,,,,,,,,,,,,,,,,,,,,,,,,,,,,,,,,,,,,,,,,,,,,,,,,,,,,,,,,,,,,,,,,,,,,,,,,TMWT Stage 1 2023
2023-01-22 0:00,Massa,GranaDy,Kappa,Tween,,,,,,,,,,,,,,,,,,,,,,,,,,,,,,,,,,,,,,,,,,,,,,,,,,,,,,,,,,,,,,,,,,,,,,,,,,,,,,,,,,,,,,,,,,,,,,,,,TMWT Stage 1 2023
2023-01-22 0:00,Gwen,Bren,Binkss,Otaaaq,,,,,,,,,,,,,,,,,,,,,,,,,,,,,,,,,,,,,,,,,,,,,,,,,,,,,,,,,,,,,,,,,,,,,,,,,,,,,,,,,,,,,,,,,,,,,,,,,TMWT Stage 1 2023
2023-01-29 0:00,Pac,Tween,Kappa,Carl Jr.,,,,,,,,,,,,,,,,,,,,,,,,,,,,,,,,,,,,,,,,,,,,,,,,,,,,,,,,,,,,,,,,,,,,,,,,,,,,,,,,,,,,,,,,,,,,,,,,,TMWT Stage 1 2023
2023-01-29 0:00,Mime,Bren,Otaaaq,Elconn,,,,,,,,,,,,,,,,,,,,,,,,,,,,,,,,,,,,,,,,,,,,,,,,,,,,,,,,,,,,,,,,,,,,,,,,,,,,,,,,,,,,,,,,,,,,,,,,,TMWT Stage 1 2023
2023-01-29 0:00,GranaDy,Mudda,Soulja,Massa,,,,,,,,,,,,,,,,,,,,,,,,,,,,,,,,,,,,,,,,,,,,,,,,,,,,,,,,,,,,,,,,,,,,,,,,,,,,,,,,,,,,,,,,,,,,,,,,,TMWT Stage 1 2023
2023-01-29 0:00,Gwen,Affi,Aurel,Binkss,,,,,,,,,,,,,,,,,,,,,,,,,,,,,,,,,,,,,,,,,,,,,,,,,,,,,,,,,,,,,,,,,,,,,,,,,,,,,,,,,,,,,,,,,,,,,,,,,TMWT Stage 1 2023
2023-02-05 0:00,Affi,Tween,Aurel,Kappa,,,,,,,,,,,,,,,,,,,,,,,,,,,,,,,,,,,,,,,,,,,,,,,,,,,,,,,,,,,,,,,,,,,,,,,,,,,,,,,,,,,,,,,,,,,,,,,,,TMWT Stage 1 2023
2023-02-05 0:00,GranaDy,Bren,Otaaaq,Massa,,,,,,,,,,,,,,,,,,,,,,,,,,,,,,,,,,,,,,,,,,,,,,,,,,,,,,,,,,,,,,,,,,,,,,,,,,,,,,,,,,,,,,,,,,,,,,,,,TMWT Stage 1 2023
2023-02-05 0:00,Binkss,Elconn,Gwen,Mime,,,,,,,,,,,,,,,,,,,,,,,,,,,,,,,,,,,,,,,,,,,,,,,,,,,,,,,,,,,,,,,,,,,,,,,,,,,,,,,,,,,,,,,,,,,,,,,,,TMWT Stage 1 2023
2023-02-05 0:00,Pac,Carl Jr.,Mudda,Soulja,,,,,,,,,,,,,,,,,,,,,,,,,,,,,,,,,,,,,,,,,,,,,,,,,,,,,,,,,,,,,,,,,,,,,,,,,,,,,,,,,,,,,,,,,,,,,,,,,TMWT Stage 1 2023
2023-02-12 0:00,GranaDy,Elconn,Mime,Massa,,,,,,,,,,,,,,,,,,,,,,,,,,,,,,,,,,,,,,,,,,,,,,,,,,,,,,,,,,,,,,,,,,,,,,,,,,,,,,,,,,,,,,,,,,,,,,,,,TMWT Stage 1 2023
2023-02-12 0:00,Binkss,Gwen,Kappa,Tween,,,,,,,,,,,,,,,,,,,,,,,,,,,,,,,,,,,,,,,,,,,,,,,,,,,,,,,,,,,,,,,,,,,,,,,,,,,,,,,,,,,,,,,,,,,,,,,,,TMWT Stage 1 2023
2023-02-12 0:00,Affi,Mudda,Aurel,Soulja,,,,,,,,,,,,,,,,,,,,,,,,,,,,,,,,,,,,,,,,,,,,,,,,,,,,,,,,,,,,,,,,,,,,,,,,,,,,,,,,,,,,,,,,,,,,,,,,,TMWT Stage 1 2023
2023-02-12 0:00,Carl Jr.,Pac,Bren,Otaaaq,,,,,,,,,,,,,,,,,,,,,,,,,,,,,,,,,,,,,,,,,,,,,,,,,,,,,,,,,,,,,,,,,,,,,,,,,,,,,,,,,,,,,,,,,,,,,,,,,TMWT Stage 1 2023
2023-02-19 0:00,Tween,Mudda,Soulja,Kappa,,,,,,,,,,,,,,,,,,,,,,,,,,,,,,,,,,,,,,,,,,,,,,,,,,,,,,,,,,,,,,,,,,,,,,,,,,,,,,,,,,,,,,,,,,,,,,,,,TMWT Stage 1 2023
2023-02-19 0:00,Mime,Carl Jr.,Pac,Elconn,,,,,,,,,,,,,,,,,,,,,,,,,,,,,,,,,,,,,,,,,,,,,,,,,,,,,,,,,,,,,,,,,,,,,,,,,,,,,,,,,,,,,,,,,,,,,,,,,TMWT Stage 1 2023
2023-02-19 0:00,Gwen,GranaDy,Massa,Binkss,,,,,,,,,,,,,,,,,,,,,,,,,,,,,,,,,,,,,,,,,,,,,,,,,,,,,,,,,,,,,,,,,,,,,,,,,,,,,,,,,,,,,,,,,,,,,,,,,TMWT Stage 1 2023
2023-02-19 0:00,Bren,Otaaaq,Aurel,Affi,,,,,,,,,,,,,,,,,,,,,,,,,,,,,,,,,,,,,,,,,,,,,,,,,,,,,,,,,,,,,,,,,,,,,,,,,,,,,,,,,,,,,,,,,,,,,,,,,TMWT Stage 1 2023
2023-02-26 0:00,Affi,Aurel,GranaDy,Massa,,,,,,,,,,,,,,,,,,,,,,,,,,,,,,,,,,,,,,,,,,,,,,,,,,,,,,,,,,,,,,,,,,,,,,,,,,,,,,,,,,,,,,,,,,,,,,,,,TMWT Stage 1 2023
2023-02-26 0:00,Elconn,Mime,Kappa,Tween,,,,,,,,,,,,,,,,,,,,,,,,,,,,,,,,,,,,,,,,,,,,,,,,,,,,,,,,,,,,,,,,,,,,,,,,,,,,,,,,,,,,,,,,,,,,,,,,,TMWT Stage 1 2023
2023-02-26 0:00,Mudda,Otaaaq,Bren,Soulja,,,,,,,,,,,,,,,,,,,,,,,,,,,,,,,,,,,,,,,,,,,,,,,,,,,,,,,,,,,,,,,,,,,,,,,,,,,,,,,,,,,,,,,,,,,,,,,,,TMWT Stage 1 2023
2023-02-26 0:00,Pac,Carl Jr.,Binkss,Gwen,,,,,,,,,,,,,,,,,,,,,,,,,,,,,,,,,,,,,,,,,,,,,,,,,,,,,,,,,,,,,,,,,,,,,,,,,,,,,,,,,,,,,,,,,,,,,,,,,TMWT Stage 1 2023
2023-07-07 0:00,Elconn,Aurel,Walegen,Wosile,Bren,Spam,SkandeaR,Sapi,Lars,Marius89,L1ngo,GranaDy,Heav,Clearvision,Otaaaq,Marijntje04,7ven,Eria,Speedself,Brinkenn,Whizzy,Bubulles,sh0rty,Snow,Nathan,Tekky,Tommy,Panda,Richie,Nicsob,Dark_62,Tarpor,WarL,Siqaa,Zypher,Kubas,Rasg,Kerber0s,Gold,Thomas Jean,Razii,MimoJr.,Cheeselover,mtylorB,Jan,BlackDream,Andybaguette,kandzsika,Zeemuis,Jozo,Atalata,Oclaff,crusadah,Nabla,Tween,SRK,Strique,Brandom,Nalax,alexS,Evon,Tunder,Taak,Tseko,Massa,kNice,Fontur,Na1ve,Ultar1on,Psyniac,Galeniium,Ender,Vanity,nekojim,DAM,rampen88,Bohemius,Thebrat,poupipou,Ouganos,Knyntsje,UbiScamArtist,Rh3torique,Dionysos,Arthaniir,Cocow,Jean-Rene,Legu,Ixxon,kysh0x,grosproutpuant,Vulnerra,Inferno,Nayko,Louzzix,Altaiyr,Yekcosdo,,,,BDSxPringles 3k
2023-02-27 0:00,Elconn,GranaDy,Scrapie,Bren,Lars,Na1ve,Vulnerra,Jahbel,Jxliano,PauLL,NRGZ,Heav,Marius,Wosile,Nicsoby,ryuhax,Spam,Denniss,Quentin43,Aurel,Link.FR,bmx22c,Nalax,Intax,josssssshhhhhh,Massa,Affi,Paardenvechter,Marijntje04,,,,,,,,,,,,,,,,,,,,,,,,,,,,,,,,,,,,,,,,,,,,,,,,,,,,,,,,,,,,,,,,,,,,,,,,Maji Mondays Season 1
2023-08-28 0:00,Bren,Elconn,Wiil0x,Yannex,Evon,Lars,Link.FR,Nayko,Insane,Lorenzius,GranaDy,Marius89,Quentin43,Sapi,RacePhilip,Scrapie,LuckersTurbo,Kand,pusztitopako,Whizzy,Ricso,Heav,Jan123405,Speedself,TeunS,Gwen,Dexter,aBadPCGamer,Artisse,Gawliet,Aurel,Wosile,SkandeaR,Worker,Nalax,,,,,,,,,,,,,,,,,,,,,,,,,,,,,,,,,,,,,,,,,,,,,,,,,,,,,,,,,,,,,,,,,,Maji Mondays Season 2
2023-06-10 13:00,Heav,GranaDy,Tjalic,Evon,Legu,Carl Jr.,Yannex,Lars,Dazzle,Nida,Richie,Lyker,Brandom,Detyx,lauko,Say,Noyler,Eria,ItsYann,Oslo,,,,,,,,,,,,,,,,,,,,,,,,,,,,,,,,,,,,,,,,,,,,,,,,,,,,,,,,,,,,,,,,,,,,,,,,,,,,,,,,,Ascension 2023
2023-06-10 13:00,Affi,Otaaaq,Tricky,Arthaniir,Massa,Wingobear,Vulnerra,Jaean-Rene,APPNZ,poupipou,Cfil777,Razii,DAM,Raistlin,Afladream,Nayko,MangleMoiLeBolet,Sheinex,Nicsoby,Nabla,,,,,,,,,,,,,,,,,,,,,,,,,,,,,,,,,,,,,,,,,,,,,,,,,,,,,,,,,,,,,,,,,,,,,,,,,,,,,,,,,Ascension 2023
2023-06-10 13:00,Snow,Gwen,SkandeaR,Dofault,Bren,Tween,squadere,Labaffue,Rin,Worker,Cocow,Speedself,Nykho,WAWAH,Yikh,Dojip,Askej,JetDarkTiTan,TasLesCramp,Argor0,,,,,,,,,,,,,,,,,,,,,,,,,,,,,,,,,,,,,,,,,,,,,,,,,,,,,,,,,,,,,,,,,,,,,,,,,,,,,,,,,Ascension 2023
2023-06-10 13:00,Glast,Wosile,Xerar,Binkss,MimoJr.,Haedra,Walegen,TheDarkWix,Melioo,ShaDenis,Sam,lukario,Dionysos,Ynos,WarL,Spam,Louzzix,Crashhh7UP,Ice,Fontur,,,,,,,,,,,,,,,,,,,,,,,,,,,,,,,,,,,,,,,,,,,,,,,,,,,,,,,,,,,,,,,,,,,,,,,,,,,,,,,,,Ascension 2023
2023-06-10 14:00,Gwen,SkandeaR,Glast,Legu,Tricky,Wingobear,Binkss,Heav,Otaaaq,MimoJr.,TheDarkWix,Lars,Evon,Vulnerra,squadere,Tween,,,,,,,,,,,,,,,,,,,,,,,,,,,,,,,,,,,,,,,,,,,,,,,,,,,,,,,,,,,,,,,,,,,,,,,,,,,,,,,,,,,,,Ascension 2023
2023-06-10 14:00,Bren,Snow,Dofault,Arthaniir,Wosile,Tjalic,Carl Jr.,Affi,GranaDy,Yannex,Jean-Rene,Labaffue,Haedra,Xerar,Walegen,Massa,,,,,,,,,,,,,,,,,,,,,,,,,,,,,,,,,,,,,,,,,,,,,,,,,,,,,,,,,,,,,,,,,,,,,,,,,,,,,,,,,,,,,Ascension 2023
2023-06-10 14:00,DaZzLe,poupipou,Alfadream,Requain,lukario,Dionysos,Cocow,Dezeno,Sheinex,WAWAH,Telnei,TasLesCramp,Noyler,Fontur,Thyyder,Vesfale,Say,NastSky,Bibiphock,Glating,Darkni,TaziKoR,Rikoleurt,Ben,Kayakie,Sopman2,Ecloud,Herolity_Bount7,Donraii,kajyy,zBekaa,KamiTek,,,,,,,,,,,,,,,,,,,,,,,,,,,,,,,,,,,,,,,,,,,,,,,,,,,,,,,,,,,,,,,,,,,,,Ascension 2023
2023-06-10 14:00,Worker,Raistlin,Melioo,Lyker,Spam,Yikh,Louzzix,Cfil777,Nicsoby,Astranovae,Brandom,Inkertus,Paradiizze,JetDarkTiTan,NeoXySse,Dana,MidgarD,SwissGoalie,Limeo,Bouddhaaaah,JeremZzzer,Daariiio,GeogeoH,Tunder,Manolo,Tyrath,FAITH,stronny,Panda,gryf760,Oslo,wifybzs,,,,,,,,,,,,,,,,,,,,,,,,,,,,,,,,,,,,,,,,,,,,,,,,,,,,,,,,,,,,,,,,,,,,,Ascension 2023
2023-06-10 14:00,ShaDenis,Sam,Speedself,Rin,lauko,Detyx,Hyriz,kysh0x,DAM,hostil,Nayko,Surwiin,KennyShield,Larys,Ice,Rocky,Fireen,Askej,Tylerz,ryser,Huydjin,Crashhh7UP,EnjoySoloq,Seys,YoG,J.SteR-Deymios,Argor0,Clew_Bibou,LouMar,Jesusedebits,Ey0hna,Chiniklay,,,,,,,,,,,,,,,,,,,,,,,,,,,,,,,,,,,,,,,,,,,,,,,,,,,,,,,,,,,,,,,,,,,,,Ascension 2023
2023-06-10 14:00,Richie,APPNZ,Razii,Nida,WarL,Ynos,Dojip,Xoblot,Nykho,MangeMoiLeBolet,Tommy,Skorenoxx,Nabla,Eria,Berlul,saiko,Edixot,luluwil,Dunkkzz,OverRocket1,SilverAceV2,attrape_mouche,Bizmout,Airfeug,ItsYann,HeadMasterKill,YdraelVitesse,Mokuura,om3g4zell,lotuscramoisi,unimork,Zort0p,,,,,,,,,,,,,,,,,,,,,,,,,,,,,,,,,,,,,,,,,,,,,,,,,,,,,,,,,,,,,,,,,,,,,Ascension 2023
2023-06-10 15:00,Wosile,Gwen,Glast,Arthaniir,Bren,SkandeaR,Dofault,Tricky,Tjalic,Legu,Snow,Wingobear,,,,,,,,,,,,,,,,,,,,,,,,,,,,,,,,,,,,,,,,,,,,,,,,,,,,,,,,,,,,,,,,,,,,,,,,,,,,,,,,,,,,,,,,,Ascension 2023
2023-06-10 15:00,GranaDy,Affi,Binkss,Massa,Vulnerra,Melioo,MimoJr.,TheDarkWix,Richie,Labaffue,Raistlin,squadere,Haedra,DaZzLe,Sam,Speedself,Louzzix,Brandom,WarL,Nykho,Yikh,lukario,Requain,hostil,Detyx,Astranovae,Hyriz,Sheinex,Nida,Xoblot,Dezeno,Nayko,,,,,,,,,,,,,,,,,,,,,,,,,,,,,,,,,,,,,,,,,,,,,,,,,,,,,,,,,,,,,,,,,,,,,Ascension 2023
2023-06-10 15:00,Heav,Carl Jr.,Xerar,Otaaaq,Yannex,Worker,Lars,Walegen,Cocow,poupipou,Jean-Rene,Lyker,ShaDenis,lauko,Evon,Rin,Alfadream,Tween,APPNZ,Spam,Razii,Cfil777,WAWAH,DAM,Ynos,Nicsoby,kysh0x,Telnei,Dojip,Tommy,MangeMoiLeBolet,Dionysos,,,,,,,,,,,,,,,,,,,,,,,,,,,,,,,,,,,,,,,,,,,,,,,,,,,,,,,,,,,,,,,,,,,,,Ascension 2023
2023-06-10 16:00,GranaDy,Bren,Wingobear,Xerar,Vulnerra,poupipou,TheDarkWix,squadere,,,,,,,,,,,,,,,,,,,,,,,,,,,,,,,,,,,,,,,,,,,,,,,,,,,,,,,,,,,,,,,,,,,,,,,,,,,,,,,,,,,,,,,,,,,,,Ascension 2023
2023-06-10 16:00,SkandeaR,Binkss,Heav,Snow,Yannex,Lyker,Labaffue,Walegen,,,,,,,,,,,,,,,,,,,,,,,,,,,,,,,,,,,,,,,,,,,,,,,,,,,,,,,,,,,,,,,,,,,,,,,,,,,,,,,,,,,,,,,,,,,,,Ascension 2023
2023-06-10 16:00,Dofault,Legu,Carl Jr.,Richie,Worker,Lars,Massa,Jean-Rene,,,,,,,,,,,,,,,,,,,,,,,,,,,,,,,,,,,,,,,,,,,,,,,,,,,,,,,,,,,,,,,,,,,,,,,,,,,,,,,,,,,,,,,,,,,,,Ascension 2023
2023-06-10 16:00,Affi,Otaaaq,Tjalic,Melioo,Tricky,Cocow,MimoJr.,Raistlin,,,,,,,,,,,,,,,,,,,,,,,,,,,,,,,,,,,,,,,,,,,,,,,,,,,,,,,,,,,,,,,,,,,,,,,,,,,,,,,,,,,,,,,,,,,,,Ascension 2023
2023-09-02 13:00,Cocow,Mudda,Snow,Mime,Legu,Kappa,Loupphok,MiQuatro,Labaffue,Haedra,Thomas Jean,Tween,Marius89,Mokuura,Eria,IXAWAI,Nykho,Astranovae,Nabla,rafconti,,,,,,,,,,,,,,,,,,,,,,,,,,,,,,,,,,,,,,,,,,,,,,,,,,,,,,,,,,,,,,,,,,,,,,,,,,,,,,,,,Ascension 2023
2023-09-02 13:00,GranaDy,Richie,Quentin,Aurel,Heav,TheDarkWix,Pac,Yannex,AppenZ,Sapi,TanKRom,poupipou,Galeniium,Zpher,Fitz,Rocky,Hergam,Yikh,Skorenoxx,EnjoySoloq,,,,,,,,,,,,,,,,,,,,,,,,,,,,,,,,,,,,,,,,,,,,,,,,,,,,,,,,,,,,,,,,,,,,,,,,,,,,,,,,,Ascension 2023
2023-09-02 13:00,Carl Jr.,Affi,Massa,samz,Dark_62,Speedself,Dionysos,OMEGA,Tommy,Jean-Rene,Kozo,Nicsoby,Brandom,Raistlin,Anige,Ender,Alfadream,Cice_Salty,lotuscramoisi,kysh0x,,,,,,,,,,,,,,,,,,,,,,,,,,,,,,,,,,,,,,,,,,,,,,,,,,,,,,,,,,,,,,,,,,,,,,,,,,,,,,,,,Ascension 2023
2023-09-02 13:00,Dofault,Tekky,SkandeaR,Worker,MimoJr.,weezoh,DaZzLe,Xerar,Nayko,Walegen,lukario,Wingobear,Louzzix,EnerValencia,Niki,Flow,HeadMasterKill,Inketus,Zezeyy,Rin,,,,,,,,,,,,,,,,,,,,,,,,,,,,,,,,,,,,,,,,,,,,,,,,,,,,,,,,,,,,,,,,,,,,,,,,,,,,,,,,,Ascension 2023
2023-09-02 14:00,Mime,Richie,Worker,Affi,Dofault,MimoJr.,Xerar,Massa,Dionysos,MiQuatro,Pac,Quentin43,Cocow,TheDarkWix,Legu18,Speedself,,,,,,,,,,,,,,,,,,,,,,,,,,,,,,,,,,,,,,,,,,,,,,,,,,,,,,,,,,,,,,,,,,,,,,,,,,,,,,,,,,,,,Ascension 2023
2023-09-02 14:00,Snow,Mudda,GranadDy,Carl Jr.,Loupphok,weezoh,Tekky,Yannex,Aurel,SkandeaR,OMEGA,Sam,Kappa,Dark_62,DaZzLe,Heav,,,,,,,,,,,,,,,,,,,,,,,,,,,,,,,,,,,,,,,,,,,,,,,,,,,,,,,,,,,,,,,,,,,,,,,,,,,,,,,,,,,,,Ascension 2023
2023-09-02 14:00,Sapi,Labaffue,IXAWAI,Kozo,Nykho,Raistlin,Rin,Wingobear,Yikh,Naylu,Docker.exe,Avarcat,Fitz_33,Noyler,Nixotica,fanibla,Requain,Louzzix,TesLesCramp,billy79230,D2XShoot,lotuscramoisi,Darksnow11,glaze_rl,Goulaba,brakos2807,Nephalio,BipoBinks,JOY-BOY,magnys02,Le_Pelerin,Tim_mit_o_lol,,,,,,,,,,,,,,,,,,,,,,,,,,,,,,,,,,,,,,,,,,,,,,,,,,,,,,,,,,,,,,,,,,,,,Ascension 2023
2023-09-02 14:00,Jean-Rene,TanKRom,Marius89,Anige,Gold,Tween,Nayko,HeadMasterKill,Nopix,Vice_Salty,Flow,DAMSON,Zypher,Natuss,Skorenoxx,Lifkart,Rippin,rafconti,Askiiip,jiseman,TaziKoR,Huydjin,HappyBelette,Dezeno,Nyderajar,Pixzyy,Nayllik,Kaplan,Brainer,Rafmax.Sharp,Pousour,Asterix-lepetit,,,,,,,,,,,,,,,,,,,,,,,,,,,,,,,,,,,,,,,,,,,,,,,,,,,,,,,,,,,,,,,,,,,,,Ascension 2023
2023-09-02 14:00,Tommy,Eria,Galeniium,Walegen,Mokuura,Rocky,Stufts,Alfadream,lukario,Didjor,Nicsoby,kysh0x,Ey0hna,Say,squadere,Daregenn,Badlulu,Fireen,Inkertus,Auris,JeremZzzer,Zezeyy,Ikemoge,KookBlack72,GeogeoH,SwissGoalie,Airfeug,Mehdiup,Slevinox,Ace-KILLeuR,abouyacacha,jesuisvitesse,,,,,,,,,,,,,,,,,,,,,,,,,,,,,,,,,,,,,,,,,,,,,,,,,,,,,,,,,,,,,,,,,,,,,Ascension 2023
2023-09-02 14:00,EnerValencia,AppenZ,Brandom,Haedra,Ender,poupipou,EnjoySoloq,Thomas Jean,Baiko,Astranovae,ItsYann,Dunkkzz,Niki,Meen,Redelax,Hergam4,Bojeu,Kilua,Daariiio,Panda,Nabla,OverRocket1,xastorm,Mericle,DoubleGloup,Mehaleau,xenorsky,Ajaxisback,Tyrath125,Manowix,r-mct,KamielMonteur,,,,,,,,,,,,,,,,,,,,,,,,,,,,,,,,,,,,,,,,,,,,,,,,,,,,,,,,,,,,,,,,,,,,,Ascension 2023
2023-09-02 15:00,Carl Jr.,Snow,GranaDy,Worker,Dofault,Mime,Affi,Loupphok,Mudda,MimoJr.,Richie,weezoh,,,,,,,,,,,,,,,,,,,,,,,,,,,,,,,,,,,,,,,,,,,,,,,,,,,,,,,,,,,,,,,,,,,,,,,,,,,,,,,,,,,,,,,,,Ascension 2023
2023-09-02 15:00,Xerar,Aurel,Sam,Yannex,EnerValencia,Pac,Kappa,Legu,Heav,TheDarkWix,MiQuatro,Haedra,Sapi,Kozo,Tween,Wingobear,Nykho,Stufts,Marius89,Thomas Jean,Nayko,TanKRom,Baiko,Nicsoby,Yikh,Ender,Galeniium,Vice_Salty,Flow,Rocky,Didjor,,,,,,,,,,,,,,,,,,,,,,,,,,,,,,,,,,,,,,,,,,,,,,,,,,,,,,,,,,,,,,,,,,,,,,Ascension 2023
2023-09-02 15:00,SkandeaR,Massa,Cocow,Dionysos,Labaffue,Tekky,Walegen,Speedself,OMEGA,DaZzLe,IXAWAI,Tommy,Jean-Rene,Dark_62,Quentin43,poupipou,AppenZ,Raistlin,Rin,Mokuura,Gold,Anige,Alfadream,Naylu,Astranovae,HeadMasterKill,Brandom,Docker.exe,Nopix,lukario,ItsYann,,,,,,,,,,,,,,,,,,,,,,,,,,,,,,,,,,,,,,,,,,,,,,,,,,,,,,,,,,,,,,,,,,,,,,Ascension 2023
2023-09-02 16:00,Xerar,Cocow,Legu,Dofault,EnerValencia,weezoh,DaZzLe,Haedra,,,,,,,,,,,,,,,,,,,,,,,,,,,,,,,,,,,,,,,,,,,,,,,,,,,,,,,,,,,,,,,,,,,,,,,,,,,,,,,,,,,,,,,,,,,,,Ascension 2023
2023-09-02 16:00,Sam,Richie,Mime,SkandeaR,Tommy,TheDarkWix,Labaffue,Speedself,,,,,,,,,,,,,,,,,,,,,,,,,,,,,,,,,,,,,,,,,,,,,,,,,,,,,,,,,,,,,,,,,,,,,,,,,,,,,,,,,,,,,,,,,,,,,Ascension 2023
2023-09-02 16:00,Affi,Heav,Massa,Tekky,MimoJr.,Yannex,Walegen,IXAWAI,,,,,,,,,,,,,,,,,,,,,,,,,,,,,,,,,,,,,,,,,,,,,,,,,,,,,,,,,,,,,,,,,,,,,,,,,,,,,,,,,,,,,,,,,,,,,Ascension 2023
2023-09-02 16:00,Mudda,Dionysos,Kappa,Loupphok,Aurel,Pac,OMEGA,MiQuatro,,,,,,,,,,,,,,,,,,,,,,,,,,,,,,,,,,,,,,,,,,,,,,,,,,,,,,,,,,,,,,,,,,,,,,,,,,,,,,,,,,,,,,,,,,,,,Ascension 2023
2022-06-04 20:00,Affi,Gwen,Snow,Otaaaq,Acide,Glast,Yannex,Wosile,,,,,,,,,,,,,,,,,,,,,,,,,,,,,,,,,,,,,,,,,,,,,,,,,,,,,,,,,,,,,,,,,,,,,,,,,,,,,,,,,,,,,,,,,,,,,ZrT Cup 2022
2022-06-04 19:00,Carl Jr.,SkandeaR,Otaaaq,Wosile,Gwen,Affi,Tjalic,Bren,,,,,,,,,,,,,,,,,,,,,,,,,,,,,,,,,,,,,,,,,,,,,,,,,,,,,,,,,,,,,,,,,,,,,,,,,,,,,,,,,,,,,,,,,,,,,ZrT Cup 2022
2022-06-04 19:00,Glast,Snow,Acide,Yannex,Binkss,Worker,Hugo220,Tricky,,,,,,,,,,,,,,,,,,,,,,,,,,,,,,,,,,,,,,,,,,,,,,,,,,,,,,,,,,,,,,,,,,,,,,,,,,,,,,,,,,,,,,,,,,,,,ZrT Cup 2022
2022-06-04 18:00,Affi,Gwen,GranaDy,Acide,Heav,Yannex,Aynyx,Lars,,,,,,,,,,,,,,,,,,,,,,,,,,,,,,,,,,,,,,,,,,,,,,,,,,,,,,,,,,,,,,,,,,,,,,,,,,,,,,,,,,,,,,,,,,,,,ZrT Cup 2022
2022-06-04 18:00,Tjalic,SkandeaR,Hugo220,Aurel,Tween,Tricky,Papou,Kappa,,,,,,,,,,,,,,,,,,,,,,,,,,,,,,,,,,,,,,,,,,,,,,,,,,,,,,,,,,,,,,,,,,,,,,,,,,,,,,,,,,,,,,,,,,,,,ZrT Cup 2022
2022-06-04 18:00,Carl Jr.,Bren,Snow,Glast,Vulnerra,Siqaa,Link.FR,,,,,,,,,,,,,,,,,,,,,,,,,,,,,,,,,,,,,,,,,,,,,,,,,,,,,,,,,,,,,,,,,,,,,,,,,,,,,,,,,,,,,,,,,,,,,,ZrT Cup 2022
2022-06-04 18:00,Otaaaq,Worker,Binkss,Wosile,Dofault,Dark,Micka,MimoJr.,,,,,,,,,,,,,,,,,,,,,,,,,,,,,,,,,,,,,,,,,,,,,,,,,,,,,,,,,,,,,,,,,,,,,,,,,,,,,,,,,,,,,,,,,,,,,ZrT Cup 2022
